corp_code,corp_name,corp_eng_name,induty_code,modify_date,recent_audit_rcept_dt,recent_audit_report,recent_audit_rcept_no,revenue_raw
00136572,신양금속공업,"SHINYANG METAL IND. CO.,LTD",24222,20230215,20260402,연결감사보고서 (2025.12),20260402001970,218104553881.0
01667185,로바메탈스코리아,ROBA METALS KOREA LTD,46105,20220602,20240412,감사보고서 (2023.12),20240412003426,155728081896.0
00249645,계양정밀,"KEY YANG PRECISION CO., LTD.",30,20230222,20260330,감사보고서 (2025.12),20260330001232,154073540018.0
01477157,메탈다인코리아,"Metaldyne Korea Ltd.,",30310,20260306,20260409,감사보고서 (2025.12),20260409001514,153057179930.0
01586358,우즈오토코리아,Uzauto Korea,46109,20260206,20260409,감사보고서 (2025.12),20260409000493,129827510812.0
00875185,커민스필터,Cummins Filtration Co.Ltd,30,20230222,20260402,감사보고서 (2025.12),20260402002245,87475501642.0
00484831,동산공업,DongSan Inc.,30,20230215,20260420,[기재정정]연결감사보고서 (2025.12),20260420000420,83165702249.0
01582316,일신캐스팅,"IL SHIN Casting Co., Ltd.",303,20220228,20260413,감사보고서 (2025.12),20260413000826,59207906972.0
00928201,한국캐스팅,HAN KOOK CASTING CORP.,24321,20240226,20260401,감사보고서 (2025.12),20260401001546,53967587759.0
01780653,그린메탈,"GreenMetal Co.,Ltd.",46791,20230811,20240402,감사보고서 (2023.12),20240402002267,52095234010.0
00462440,동일기계공업,"DONG IL MACHINERY CO., LTD.",30391,20220228,20260410,감사보고서 (2025.12),20260410000844,46468820345.0
00446868,타타대우모빌리티,"Tata Daewoo Mobility Co., Ltd.",30123,20250508,20250611,연결감사보고서 (2025.03),20250611000172,45666715177.0
01594940,디지공업,"DG Industrial Co.,Ltd.",24290,20211231,20240412,감사보고서 (2023.12),20240412001077,44242701978.0
01701425,코아오토모티브,KOA AUTOMOTIV,30332,20230228,20260403,감사보고서 (2025.12),20260403002857,42506456803.0
00921970,에이취알메탈,hrmetal,46800,20230215,20260312,감사보고서 (2025.12),20260312000179,38218671446.0
00872489,의신정밀,Uey shin Precision.co,25913,20240227,20260402,감사보고서 (2025.12),20260402003697,38118064964.0
01460412,케이시시정공,"KCC Co., Ltd.",29120,20230209,20260410,감사보고서 (2025.12),20260410003432,35756197049.0
01101768,대진정밀,"DAE JIN PRECISION INDUSTRIAL CO.,LTD.",30,20220225,20260511,감사보고서 (2025.12),20260511000028,30898301158.0
01920729,유림공업,"YURIM INDUSTRIAL CO.,LTD",29111,20250513,20260408,감사보고서 (2025.12),20260408002387,30589178129.0
00252621,한국메탈,"HANKUK. METAL. CO., LTD.",30,20220225,20260422,연결감사보고서 (2025.12),20260422000212,29749862849.0
00918763,현대철강,-,24199,20221024,20260408,감사보고서 (2025.12),20260408000161,29234908157.0
00236641,태창공업,TAE CHANG INDUSTRIAL CO.LTD,30,20230215,20260406,감사보고서 (2025.12),20260406001647,28894484686.0
01298833,한진하이메탈,HANJINHIGHMETAL,46721,20230217,20260409,감사보고서 (2025.12),20260409000934,28091979775.0
00481144,금오중공업,"KUMOH HEAVY INDUSTRIES CO., LTD",25111,20230208,20260406,감사보고서 (2025.12),20260406001604,26136178965.0
00589048,대한메탈,Dae Han Metal,46721,20220829,20260105,감사보고서 (2025.06),20260105000245,26069199601.0
01148769,산청기공,"Sanchung Machinery industrial Co.,Ltd.",2511,20250516,20260401,감사보고서 (2025.12),20260401003633,24850245041.0
00628514,신진정밀,SINJIN PRECISION CO. LTD,29120,20260309,20260414,감사보고서 (2025.12),20260414000156,23979082959.0
00184913,이화기계공업,"EHWHA MACHINERY MFG.CO., LTD",29269,20220218,20260401,감사보고서 (2025.12),20260401001683,23330676804.0
01486553,기산정공,"KISAN ENGINEERING CO.,LTD",25941,20200629,20260406,감사보고서 (2025.12),20260406000639,23024138487.0
01836518,두진정공,DOOJIN PRECISION CO.LED,29163,20240430,20260410,감사보고서 (2025.12),20260410001564,22953660090.0
00832454,성신파츠,SSPARTS. CO. LTD,30,20220225,20240402,감사보고서 (2023.12),20240402003136,22520310401.0
01041624,성덕중공업,SUNGDUK HEAVY INDUSTRIES,2413,20230210,20260409,감사보고서 (2025.12),20260409000185,20823004682.0
01660678,세화자동차,SEHWA MOTORS,30201,20230223,20260403,감사보고서 (2025.12),20260403000356,19656185076.0
01769641,황성공업,"HWANG SUNG IND. CO., LTD.",30320,20250811,20250408,감사보고서 (2024.12),20250408003017,18545867245.0
01927607,오토글로벌,"AUTO GLOBAL CO. ,LTD",30201,20250512,20260409,감사보고서 (2025.12),20260409001621,18051162986.0
00661795,유진기공,"Yujin Machinery Co., Ltd.",29174,20240628,20260410,감사보고서 (2025.12),20260410002883,16794118479.0
01663815,다이나믹오토,Dynamic Auto,30399,20220512,20260414,감사보고서 (2025.12),20260414000485,16601889275.0
01090587,금강창호기공,KEUMGANGCHANGHOGIGONG.CO.LTD,25111,20230131,20260406,감사보고서 (2025.12),20260406001079,15209978622.0
01738599,제이에프컨트롤,"JFCONTROL CO.,LTD",28121,20230502,20260409,감사보고서 (2025.12),20260409000200,14381810360.0
01864122,현대연마,HYUNDAE YEONMA,46109,20240828,20250618,[기재정정]감사보고서 (2024.12),20250618000199,13280350386.0
01359347,다올정밀,"DAALL.Co.,Ltd.",29293,20240628,20260401,감사보고서 (2025.12),20260401000322,13182236559.0
01839816,백산정밀판금,Baeksan Precision Sheet Metal,28122,20240508,20260407,감사보고서 (2025.12),20260407000872,12799642508.0
00657792,태영메탈,TaeYoung Metal Co.,2811,20240227,20260514,감사보고서 (2025.12),20260514000416,12105112926.0
00451259,금강와이어메쉬산업,KUMKANG WIREMESH INDUSTRIAL.CO.LTD,24123,20220228,20260414,감사보고서 (2025.12),20260414002529,10529790809.0
01137550,동우특장차,"DONGWOO MOTOR CO.,LTD",29161,20220428,20250411,감사보고서 (2024.12),20250411002877,9812609580.0
00809720,세일정밀,"Seil precision co, ltd",2591,20230223,20260407,감사보고서 (2025.12),20260407002016,7365445843.0
01952472,거진정공,"Geojin Precision Co., Ltd.",25913,20250910,20260410,감사보고서 (2025.12),20260410002379,5178028478.0
00367969,비엠씨,"Best Mobility Core Technology CO.,LTD",28111,20250409,20260511,[기재정정]연결감사보고서 (2025.12),20260511000147,3549657057.0
00146588,일진금속공업,IL JIN metal. Inc,25912,20230214,20260406,감사보고서 (2025.12),20260406000930,2499917852.0
00918143,대성정공,"DAESEONG PRECISION CO., LTD.",30320,20250514,20260504,연결감사보고서 (2025.12),20260504000016,165455011.0
00284240,한국브룩스오토메이션,"BROOKS AUTOMATION KOREA, INC.",46595,20230221,20260403,감사보고서 (2025.12),20260403001935,114255867.0
00210360,신성전자정밀,Shin Sung Electronic Precision  co. ltd,25924,20220228,20260331,연결감사보고서 (2025.12),20260331001775,85069717.0
00968102,카네비모빌리티,CARNAVICOM,27211,20230324,20260403,연결감사보고서 (2025.12),20260403000347,68565097.0
00473862,화영오토텍,"HWAYOUNG AUTOTEC,LTD.",30,20230302,20260410,감사보고서 (2025.12),20260410001521,61839376.0
01510595,에이치디현대크랭크샤프트,"HD-Hyundai Crankshaft co., Ltd.",31114,20240906,20260327,감사보고서 (2025.12),20260327000956,47801927.0
01664878,엘에스이모빌리티솔루션,"LS e-Mobility Solutions Co., Ltd.",28121,20230223,20260407,감사보고서 (2025.12),20260407000633,37867399.0
01824124,제이디오토모티브,JD Automotive Corp,30392,20240514,20260430,연결감사보고서 (2025.12),20260430001837,30880014.0
00304748,기화정밀,"KiHWA PRECISION CO.,LTD",2629,20230213,20260429,연결감사보고서 (2025.12),20260429000137,27711856.0
00353115,한국에바라정밀기계,EBARA PRECISION MACHINERY KOREA INC.,29132,20250219,20260430,연결감사보고서 (2025.12),20260430000944,12267226.0
00482277,신라공업,"SHILLA INDUSTRIAL CO.,LTD.",30,20230223,20260331,감사보고서 (2025.12),20260331002964,10890630.0
00453150,원당중공업,"WONDANG Heavy Industries co.,Ltd",31114,20240228,20260429,연결감사보고서 (2025.12),20260429001091,7452026.0
01535840,에이치디현대사이트솔루션,"HD Hyundai XiteSolution.,Ltd.",29,20230413,20260330,연결감사보고서 (2025.12),20260330000171,6775978.0
01755198,대양전장,"DAEYANG ELECTRIC SUPPLY CO., LTD.",46539,20230509,20260406,감사보고서 (2025.12),20260406004468,4295911.0
00784184,동원파츠,dongwon parts,29271,20260227,20260409,감사보고서 (2025.12),20260409001130,2805656.0
00684495,르네사스일렉트로닉스한국,"Renesas Electronics Korea Co.,Ltd",4659,20230220,20260407,감사보고서 (2025.12),20260407001966,1752122.0
00660370,모베이스오토테크,"MOBASE AUTO TECH CO.,LTD",30,20240405,20260401,감사보고서 (2025.12),20260401002939,223233.0
01621749,케이피엑스헌츠만폴리우레탄오토모티브,"KPX HUNTSMAN POLYURETHANES AUTOMOTIVE Co., Ltd.",46739,20230217,20260401,감사보고서 (2025.12),20260401004768,132223.0
01247778,엘에스오토모티브테크놀로지스,"LS Automotive Technologies Co., Ltd.",3039,20250826,20260325,연결감사보고서 (2025.12),20260325001330,62333.0
01616109,쎄보모빌리티,CEVO Mobility Corp.,30121,20230207,20240329,감사보고서 (2023.12),20240329002632,46891.0
00185912,엘티정밀,"LT PRECISION CO., LTD",25913,20250226,20260327,감사보고서 (2025.12),20260327000486,42129.0
01879373,엠에스오토시스,"MSAUTOSYS.CO.,LTD",30201,20241121,20260408,감사보고서 (2025.12),20260408001715,32331.0
00140371,연합정밀,"YEONHAB PRECISION CO., LTD.",28123,20220228,20260325,감사보고서 (2025.12),20260325000774,4197.0
00477105,앱스,"Autronic Auto Parking Systems CO., LTD",29162,20230410,20260406,감사보고서 (2025.12),20260406002965,2637.0
00370103,경원기계공업,"kyungwon machinery co.,ltd.",29120,20240223,20260406,감사보고서 (2025.12),20260406004360,2431.0
01282300,디앤에이모터스,"DNA Motors Co., Ltd.",31921,20260330,20260409,연결감사보고서 (2025.12),20260409002461,2329.0
01324271,아사아블로이코리아삼화정밀,"Assaabloy Korea Samhwa Precision Co., Ltd",25932,20221108,20260408,감사보고서 (2025.12),20260408003038,2130.0
01767096,세일전장,SEIL ELECTRIC DRIVES CORPORATION,30332,20230629,20260327,감사보고서 (2025.12),20260327000633,2122.0
01434116,광주글로벌모터스,"Gwangju Global Motors Co.,Ltd",30,20240402,20260331,감사보고서 (2025.12),20260331004441,1927.0
00807403,오리엔탈정밀기계,"ORIENTAL PRECISION MACHINERY CO., LTD ",31114,20230222,20260326,감사보고서 (2025.12),20260326000097,528.0
01356465,포레시아코리아시트,"FAS Yeongcheon Co.,Ltd.",30393,20260414,20260413,감사보고서 (2025.12),20260413001357,524.0
00604435,갤럭시아일렉트로닉스,"GALAXIA ELECTRONICS CO.,LTD.",28429,20230208,20260331,연결감사보고서 (2025.12),20260331003968,519.0
01384820,모티바코리아,MOTIVA KOREA LTD.,46592,20260220,20260403,연결감사보고서 (2025.12),20260403003862,23.0
00631952,에이치디현대엔진,HD Hyundai Engine Company Ltd.,29111,20260107,20260330,감사보고서 (2025.12),20260330000966,20.0
00441410,세진메탈,"SEJIN METAL CO.,LTD",24212,20230222,20260402,감사보고서 (2025.12),20260402001164,1.0
00420143,브룩스피알아이오토메이션잉크,"BROOKS-PRI Automation, Inc.",2612,20170630,,,,
00343163,한라스페코중공업,Halla-Speco Heavy Industries Ltd.,291,20170630,,,,
00113119,대한알루미늄공업,Aluminium of Korea Limited,24222,20170630,,,,
00386724,세창철강공업, ,24123,20170630,,,,
00455547,대양중공업,"daeyang heavy industrial co.,ltd",3020,20170630,,,,
00300928,삼영기공,samyoung,29172,20170630,,,,
00360197,태광정밀공업, ,31114,20170630,,,,
00224707,대흥정공,DAIHUNGPRECISIOM INDUSTRY.CO.LTD,29133,20170630,,,,
00152419,대농중공업, ,29241,20170630,,,,
00451213,한신공업, ,30,20170630,,,,
00202404,송원자동차조명,"SONGWON AUTOLAMPS CO., LTD.",30,20170630,,,,
00437383,국제전자정밀,"kukje Electronic Precision co.,Ltd",26410,20170630,,,,
00301060,서림개스실린더, ,32091,20170630,,,,
00301219,현대케이블,"Hyundae Cable Co.,Ltd.",28302,20170630,,,,
00246426,동우기공,Dong Woo Mechanical Co. LTD,2511,20170630,,,,
00386478,동서중공업,"Dongseo Heavy Industries Co., Ltd.",2511,20170630,,,,
00342720,피알아이오토메이션잉크,"PRI Automation, Inc. ",263,20170630,,,,
00220774,한보금속공업,"HAN BO METAL CO., LTD.",30,20170630,,,,
00182401,수산정밀,"Soosan Percision Co.,Ltd.",29269,20170630,,,,
00207047,신일스킨스공업,SHIINILSK,25923,20170630,,,,
00149682,중앙공업,"JUNGANG INDUSTRIAL CO.,LTD.",29210,20170630,,,,
00232168,적고정밀,"JC TECHNOLOGY CO., LTD.",30,20170630,,,,
00311225,포드모터컴퍼니,Ford Motor Company,30121,20170630,,,,
00216364,금성정밀, ,30,20170630,,,,
00146074,일동제관공업,"IL DONG CAN MFG.,LTD",25912,20170630,,,,
00244446,계림공업,"KYE LIM INDUSTRIAL CO., LTD",30,20170630,,,,
00267711,프로토자동차,"PROTOMOTORS Co.,Ltd",30121,20170630,,,,
00232292,금성정밀,KUMSUNG PRECISION CO.,31991,20170630,,,,
00368047,신일공업,Shinil industrial Co. Ltd,29229,20170630,,,,
00157654,한국브레이크공업,"HANKUK BRAKE CO., LTD.",30,20170630,,,,
00367765,성우메탈테크,SUNGWOO METALTECH,30,20170630,,,,
00215435,협신주물,"HYUP SHIN CAST-IRON CO.,LTD",24311,20170630,,,,
00368630,대연금속공업, ,30,20170630,,,,
00251215,협성중공업,"Hyup Sung Heavy Industries Co.,Ltd",291,20170630,,,,
00129970,새한공업,"NEW KOREA INDUSTRY CO.,LTD",259,20170630,,,,
00138710,아시아자동차공업,ASIA MOTORS,30110,20170630,,,,
00258449,세진정공,"Saejin Precision & industry Co., Ltd",30,20170630,,,,
00357643,에듀캠프,EDUCAMP,46453,20170630,,,,
00207427,모보전선공업,MOBO ELECTRIC LOERE IND co.ltd,28302,20170630,,,,
00107233,남선정공,"Namsun Precision Machinery Co., Ltd",25924,20170630,,,,
00408983,한양정공,"HANYANG PRE. IND. CO., LTD.",2629,20170630,,,,
00190464,삼부정공,SAMBOO PREOISION INDUSTRIAL CO.LTD,30,20170630,,,,
00234892,한국액슬,Korea axle Corp.,30,20170630,,,,
00329367,G.M.T신기술,Golbal Motors Technolocy K.T.C,30,20170630,,,,
00344296,코닌클린키필립스일렉트로닉스엔.브이.,Koninklijke Philips Electronics N.V.,28519,20170630,,,,
00209045,현대우주항공,"HYUNDAI SPACE & AIRCRAFT CO.,LTD.",30,20170630,,,,
00154107,태일정밀,"TAEIL MEDIA CO., LTD",26321,20170630,,,,
00135865,신동금속공업,"SHINDONG METAL CO., LTD",30,20170630,,,,
00237312,신아기공,"SHIN A CALORIZING CO.,LTD",2419,20170630,,,,
00240954,수산정공,SOOSAN MACH.CO.LTD,31201,20170630,,,,
00329145,구남메탈,"GUNAM METAL CO.,LTD.",46721,20170630,,,,
00234069,광덕금속공업,"KWANGDUCK METAL INDUSTRY CO., LTD.",30,20170630,,,,
00229669,한국콘트롤공업,KOREA CONTROL CO.LTD,29131,20170630,,,,
00189015,화천금형공업,HWA CHEON DiE CO.,25119,20170630,,,,
00131081,서울차체공업,Seoul Aoto Body Produots corp,30,20170630,,,,
00236678,원예공업,"WOENYE INDUSTRY CO.,LTD",25112,20170630,,,,
00299905,삼신정공,"SAM SHIN PRECISION & IND. CO., LTD.",30,20170630,,,,
00330983,송죽정밀,"songjuk precision co ltd,.",31322,20170630,,,,
00234485,동양차체,"Dong-Yang Autobody Co., Ltd.",30,20170630,,,,
00131346,서진공업,"SEOJIN INDUSTRY CO.,LTD.",25912,20170630,,,,
00105934,현대반도체,HYUNDAI MICROELECTRONICS,2612,20170630,,,,
00250331,한국전장,한국전장주식회사,30,20170630,,,,
00467612,베스트폴리머,"Bestpolymer, Inc",46739,20170630,,,,
00306250,에이.엘.인더스트리,Auto Light Industry,25994,20170630,,,,
00231099,성우정밀산업,"SUNG WOO PRECISION & INDUSTRIAL CO., LTD",28909,20170630,,,,
00145048,유창정밀강관,yuchang precision steel pipe co. ltd.,2413,20170630,,,,
00179054,동진단철공업,"DONG JIN STEEL FORCING IND CO.,LTD",25912,20170630,,,,
00376213,현대네트웍스,HYUNDAI NETWORKS INC.,26410,20170630,,,,
00201201,일신기계공업, ,29161,20170630,,,,
00241810,전성기공,"CHUN SUNG ENGINEERING Co., Ltd.",2511,20170630,,,,
00135661,신광기계공업,"Shin Kwang Machinery Co., Ltd.",29269,20170630,,,,
00319476,네오캠닷,neocam,4610,20170630,,,,
00238630,세광공업,"SEKWANG INDUSTRIES CO., LTD.",30,20170630,,,,
00663599,태전중공업,"TAEJEON HEAVY INDUSTRY CO., LTD.",31114,20170630,,,,
00620211,대한중공업,"DAEHAN HEAVY INDUSTRY CO., LTD.",31114,20170630,,,,
00365110,에스엘에스중공업,"SLS Heavy Industries Co., Ltd.",31201,20170630,,,,
00767123,한성중공업,"Han Sung Heavy Industries & Construction Co., Ltd.",31114,20170630,,,,
00943282,금천중공업,kumchen heavy industry,31114,20170630,,,,
00864532,명일중공업,"MYUNGIL HEAVY INDUSTRY CO.,LTD",31114,20170630,,,,
00658870,엔에스메탈,NS METAL CO..LTD,24221,20170630,,,,
00669487,서원중공업,SEOWEON HEAVY INDUSTRY COMPANY LIMITED,259,20170630,,,,
00626376,진세중공업,"JINSE HEAVY JNDUSTRIES CO,.LTD",3111,20170630,,,,
00560344,엠에스정밀,M S Precision,29142,20170630,,,,
00564915,오리엔트중공업,"MI BOO IN-TECH CO.,LTD",31114,20170630,,,,
00685157,에스비리모티브,"SB LiMotive Co.,Ltd.",28202,20170630,,,,
00480464,유청철강공업,yuchung steel industrial co.ltd,2922,20170630,,,,
00833514,대성샤링공업,DAESUNGSHEARING,24,20170630,,,,
00689393,세진정밀,"sejin precision industrial.co.,ltd",2591,20170630,,,,
00764658,동아중공업,"DONG-A HEAVY INDUSTRIES CO.,LTD",29119,20170630,,,,
00693855,태진중공업,"Taejin Engineering Co., Ltd",31114,20170630,,,,
00764199,태영정공,"TAEYOUNG PRECISION CO.,LTD.",25924,20170630,,,,
00943927,경원중공업,Kyungwon Heavyindustries,2918,20170630,,,,
00614760,나이스메탈,"nice metal co.,ltd",2432,20170630,,,,
00624475,호일정공,"HOIL PRECISION CO.,LTD",30,20170630,,,,
00570314,대성정밀공업,-,291,20170630,,,,
00867186,코스모메탈플러스,"TAM Co., Ltd.",259,20170630,,,,
00687182,자강와이어리스,ZAKANGWIRELESS Inc,26422,20170630,,,,
00654096,하네스글로벌,"HANES-GLOBAL CO.,LTD",2629,20170630,,,,
00696579,아이엔와이어리스홀딩스,INWirelessHolding,26429,20170630,,,,
00681656,아이엠공업,"INTERNATIONAL MACHINE INDUSTRY CO,.LTD",29169,20170630,,,,
00132433,성남전자공업,"SUNGNAM ELECTRONICS CO., LTD.",26600,20170630,,,,
00618270,닛샤코리아정밀사출,Nissha Korea High Precision Plastics Inc.,2642,20170630,,,,
00926692,금우기공,"KUMWOO MACHINERY CO.,LTD.",303,20170630,,,,
00921697,신한기공,"SHIN HAN MACHINERY & CONSTRUCTION CO.,LTD",29162,20170630,,,,
00671172,이화중공업,"EHWA TEC CO., LTD",3020,20170630,,,,
00915599,선진특수공업,"SJ SPECISL IND.CO.,LTD",2511,20170630,,,,
00585158,삼동기공,"SAM DONG ENG. Co., LTD",2511,20170630,,,,
00161824,한성공업,"hansung inoustrial.co.,ltd",2512,20170630,,,,
00836955,코리아레어메탈,KOREA REAR METAL LTD.,46791,20170630,,,,
00627463,신우조선해양공업,"SHINWOO SHIPBUILDING & OFFSHORE CO., LTD",3111,20170630,,,,
00255974,용성전장,"YONGSUNG ELECTRO DEVICES MFG CO.,LTD",2629,20170630,,,,
00585325,하이메탈트레이딩,"Hi Metal Trading Co.,Ltd",46721,20170630,,,,
00667452,씨앤아이기계공업,"CNI MACHINERY IND. Co., Ltd",29169,20170630,,,,
00836900,에스씨기공," SC MACHINERY INDUSTRIES CO., LTD.",31114,20170630,,,,
00688792,오디캠프,"OD CAMP Co., Ltd.",46103,20170630,,,,
00912839,버텍스와이어리스,"Vertex Wireless Co.,Ltd",26429,20170630,,,,
00620877,광산정공,"Gwang San Precision & Engineering Co., Ltd.",2591,20170630,,,,
00838078,이엔에프중공업,ENF Co. Ltd.,28909,20170630,,,,
00257866,이튼오토모티브콘트롤스, ,46599,20170630,,,,
00404376,신일정공,"Shinil Precision Machinery Corp.,",30,20170630,,,,
00683043,메탈화학,"Metal Chemical co.,ltd",2421,20170630,,,,
00409283,신영중공업,SHIN YOUNG HEAVY INDUSTRY CO.,29229,20170630,,,,
00666462,원진중공업,"WOJIN HEAVY INDUSTRIES CO., LTD",292,20170630,,,,
00815183,석천오토모티브,sukcheon automotive,30,20170630,,,,
00128944,삼보모토스,"SAMBO MOTORS CO.,LTD",30,20170630,,,,
00680268,한영전기공업,"HanYoung Electronic Co., Ltd.",28,20170630,,,,
00187390,현대에프앤지,"HYUNDAI F&G Co., Ltd.",46102,20170630,,,,
00761040,세기정공,"segi precision industry co., ltd.",31114,20170630,,,,
00926744,모티브씨앤씨,MOTVCNC,26511,20170630,,,,
00338523,세광중공업,"SEKWANG Heavy Industries CO., LTD",3111,20170630,,,,
00548209,한종공업,HAN JONG IND.CO.,30,20170630,,,,
00205216,쌍용기계공업,SSANG YONG MACHINE .IND.Co.Ltd.,29269,20170630,,,,
00674027,콩스버그오토모티브,KONGSBERG AUTOMOTIVE LTD,30,20170630,,,,
00828390,미러스,MIRUS,46,20170630,,,,
00493778,신우메탈공업,"SHINWOO METAL INDUSTRIES CO., LTD.",29141,20170630,,,,
00526331,현대유비스,"TECHN ELECTRONICS-INDUSTRIES.CO.,LTD",26,20170630,,,,
00837103,대창기계공업,"DAECHANG MACHINERY CO.,LTD.",29171,20170630,,,,
00405843,현대디스플레이테크놀로지,Hyundai Display Technology Inc.,26211,20170630,,,,
00360355,현대성형기,HYUNDAI PRECISION MOULDING MACHINERY CO.LTD,2922,20170630,,,,
00815590,한국닛불공업,-,291,20170630,,,,
00893844,제일단조공업,"JEIL FORGING CO., LTD",25912,20170630,,,,
00692546,성광정공,SUNGKWANG,25,20170630,,,,
00944485,코어메탈,"COREMETAL CO.,LTD.",25912,20170630,,,,
00767114,대경중공업,"Dae Kyeong Heavy Industries & Construction Co., Ltd.",31114,20170630,,,,
00546690,진산공업,"JINSAN INDUSTRY CO., LTD",2511,20170630,,,,
00864365,한국금속공업,"Korea Metal Industry Co,. Ltd.",2629,20170630,,,,
00658418,오리엔탈중공업,"Oriental heavy industries Co.,Ltd",31114,20170630,,,,
00803531,고려중공업,korea heavy industries.ltd,3111,20170630,,,,
00763853,한창정공,"HANCHANG PRECISION CO., LTD",292,20170630,,,,
00295945,캠아이티,Chem Information Technology Corp.,2611,20170630,20240325,감사보고서 (2023.12),20240325000239,
00894542,부광하이메탈,BUKWANG HIGH METAL CO.LTD,29169,20170630,,,,
00664613,신원전자정밀,"SHINWON ELECTRONICS PRECISION CO., LTD",26,20170630,,,,
00671668,명신중공업,"MYUNG SHIN HEAVY INDUSTRIES Co., Ltd",29169,20170630,,,,
00669690,삼광정밀,"samkwang co.,ltd",303,20170630,,,,
00672807,어울림모터스,OULLIM MOTORS INC.,30,20170630,,,,
00768557,세코중공업,seko,3111,20170630,,,,
00768432,삼건중공업,"SAMKUN HEAVY INDUSTRY CO.,LTD.",292,20170630,,,,
00806468,삼융메탈,Samyung Metal Co.Ltd.,24191,20170630,,,,
00893279,삼경메탈,"SAMKYUNG METAL.CO.,LTD",2629,20170630,,,,
00818612,에스알중공업,"SR Heavy Industries Co,.Ltd.",24191,20170630,,,,
00203759,썬스타특수정밀,"SUNSTART PRECISION CO.,LTD.",29269,20170630,,,,
00877615,한백중공업,"HANBAEK HEAVY INDUSTRIES CO., LTD",29241,20170630,,,,
00854191,휴맥스오토인포테인먼트,"HUMAX Auto-Infotainment Co., Ltd.",26519,20170630,,,,
00875723,당진철구공업,"Dangjin Steel Structure Industries Co.,LTD",2511,20170630,,,,
00942618,양진정공,"YANGJINJK CO.,LTD",32,20170630,,,,
00637761,유진정밀,"Yujin Precision co., Ltd",30,20170630,,,,
00615680,성동기공,"SUNG DONG MACHINERY IND. CO., LTD",29169,20170630,,,,
00611082,큐노메탈테크놀로지스,"Qunno Metal Technologies, Inc.",24290,20170630,,,,
00919744,태양중공업,"TaeYang Heavy Industries co.,Ltd",31114,20170630,,,,
00813149,에스에이치중공업,"SH HEAVY INDUSTRY CO.,LTD.",25112,20170630,,,,
00891448,이화정공,IWHA.PRECISION,259,20170630,,,,
00979153,성창공업,SUNG CHANG CO.Ltd,24121,20170630,,,,
00765709,대양중공업,"Dae Yang Heavy Industry.co.,Ltd",24191,20170630,,,,
00611231,동해기공,"DONGHAE MACHINERY MANUFACTURING CO., LTD.",28909,20170630,,,,
00138950,현대메티아,HYUNDAI METIA,24311,20170630,,,,
00984243,항도공업,"HANG DO IND CO.,LTD.",2599,20170630,,,,
01030664,신영중공업,"Sinyoung Heavy Industry Co., Ltd.",2911,20170630,,,,
01036561,중앙정기,CENTROL MOTORS WHEEL,30,20170630,,,,
00826471,한국정공,"HANKUK ENGINEERING CO.LTD,",291,20170630,,,,
00941460,한빛정공,"HANBITPRECISION IND CO.,Ltd",25119,20170630,,,,
00762289,삼기오토모티브,"SAMKEE AUTOMOTIVE CO.,LTD",30,20170630,,,,
00985826,유한정밀,"YUHAN PRECISION CO.,LTD.",2629,20170630,,,,
00609218,신진중공업,"SHINJIN HEAVYINDUSTRIES CO., LTD",29119,20170630,,,,
00968379,에이치케이티베어링,HKT BEARIANGS LTD.,29141,20170630,20260413,감사보고서 (2025.12),20260413002758,
00872197,티엠에스중공업,TMS,29169,20170630,,,,
00763419,마이스코기공,"mysco machinany co.,ltd",2591,20170630,,,,
00944582,현대커민스엔진,Hyndai Cummins Engine Company,30110,20170630,,,,
00992905,엘에스캐스팅,"Ls casting co.,lte",24,20170630,,,,
00564960,지엔씨중공업,"G&C Heavy Industry Co., LTD.",29223,20170630,,,,
00151094,현대위스코,HYUNDAI WISCO,25912,20170630,,,,
00963170,세화다이캐스팅,"SE HWA DIE CASTING CO.,LTD",30,20170630,,,,
00614441,세웅중공업,"sewoong heavy industries co.,ltd",3020,20170630,,,,
00566791,오성단조공업,"O-SUNG FORGING IND CO.,LTD",25912,20170630,,,,
00603180,한국단조공업,"HANKOOK FORGING IND. DO.,LTD.",24121,20170630,,,,
00667805,동명중공업,"Dong Myung Heavy Industries Co.,Ltd",24131,20170630,,,,
01073049,태양정공,"TAEYANG PRECISION CO., LTD.",30,20170630,,,,
00692449,대신에이엔씨,Daeshin Automotive & Controls co.Ltd.,25,20170630,,,,
00577317,현대라이프보트,"HYUNDAI LIFEBOATS CO.,LTD",311,20170630,,,,
00535621,오토엠아이티,"AUTOMIT CO.,LTD.",29271,20170630,,,,
00577238,화성정밀,"HWASUNG.PRECISION CO.,LTD",30,20170630,,,,
00776361,삼협기공,"SamHyoup Industries Co.,ltd",2512,20170630,,,,
00608398,한얼공업,"HAN OUL TECHNICAL CO.,LTD.",2922,20170630,,,,
00840125,동아캐스팅,DONGA-A CASTING..LTD,24312,20170630,,,,
00817507,글로메탈,"Glometal Co., Ltd",2419,20170630,,,,
00809225,윙쉽중공업,Wingship Heavy Industries Corp.,31113,20170630,,,,
00564410,코막중공업,"KOMAC Co.,Ltd",29241,20170630,,,,
00577821,성신공업,SungShin Industry,30,20170630,,,,
00761712,우양쇼트공업,"WOOYANG SHOT INDUSTRY CO., LTD",2411,20170630,,,,
00433989,유성정밀,YOOSUNG PRECISION CO.Ltd.,29229,20170630,,,,
00979047,화진정밀,"HWAJIN PRECISION CO., LTD.",30,20170630,,,,
00654625,캠프넷,"CAMP NET Co., Ltd.",26429,20170630,,,,
00565039,캠트론,CamTron Industrial Inc,26,20170630,,,,
00816359,동민정공,DONG MIN CHUNG GONG,30,20170630,,,,
01044126,현대이엔지,"Hyundai E&G Co,.LTD",30,20170630,,,,
00938110,코메탈트레이드,KOMETAL TRADE,46721,20170630,,,,
00605416,신광공업,"SHIN KWNAG IND.DO.,LTD",2413,20170630,,,,
00674522,월산정공,"wolsan precision ind.co.,ltd",30,20170630,,,,
00337083,삼창콘크리트공업,"SAMCHANG CONCRETE CO., LTD.",2512,20170630,,,,
00574505,남강중공업,"NAMKANG HEAVY INDUSTRY CO., LTD",46721,20170630,,,,
00971142,베스트중공업,"Best Heavy Industries co., ltd.",292,20170630,,,,
01023770,장원공업,"JANGWON INDUSTRIAL CO.,LTD",30,20170630,,,,
00970198,대아금속공업,DAIA METAL WORKS CO.LTD,25912,20170630,,,,
00809623,엑시트론,"Aixtron Korea Co., Ltd.",46539,20170630,,,,
00571474,일석정밀,"ILSUK CO., LTD.",30,20170630,,,,
01043622,태형정공,Taehyong,303,20170630,,,,
00655244,서진중공업,seo jin heavy industries,2511,20170630,,,,
00927169,오토모티브어소시에이츠,AUTOMOTIVE ASSOCIATES,46,20170630,,,,
00436214,대원공업,"DAEWON IND. CO.,LTD",28519,20170630,,,,
00578981,일신금속공업,"IL SHIN METAL INDUSTRIAL CO.,LTD.",24221,20170630,,,,
00963949,서진정공,"SEO JIN PRECISION CO., LTD.",29223,20170630,,,,
00449315,삼광철강공업,"Samkwang Steel Industrial Co.,Ltd.",25111,20170630,,,,
00672384,신흥정공,SHIN HEUNG ,30,20170630,,,,
00925736,디엔피메탈,"D & P METAL CO.,LTD.",27,20170630,,,,
00672108,에스제이정밀,"SJ PRECISION CO.,LTD",31114,20170630,,,,
00581198,대경정밀,DAE-KYUNG PRECISION Co.Ltd,30,20170630,,,,
00458553,효성정밀,"HTO SEONG PRECISION CO.,LTD",28111,20170630,,,,
00951467,에버라이트옵토일렉트로닉스코리아,EVERLIGHT OPTOELECTRONICS KOREA,4652,20170630,,,,
01005251,동아정밀,"DONG A PRECISION CO., LTD.",3033,20170630,,,,
00524935,판코리아메탈,PAN KOREA METAL COMPANY,46800,20170630,,,,
00962658,백산중공업,Baeksan Heavy Industries co.Ltd.,28111,20170630,,,,
00918958,성진일렉트로닉스,"SUNGJIN ELECTRONICS CO., LTD.",2629,20170630,,,,
00804266,욱일정밀,ukil precision machinary co.ltd,29119,20170630,,,,
00767150,제이케이케이중공업,JAE KEON KOREA HEAVY INBUSTRIES,251,20170630,,,,
00972725,태경중공업,"Taekyung Heavy Industries CO., LTD.",29,20170630,,,,
00835992,대현중공업,DAE HYUN HEAVY INDUSTRIES CO.LTD,29223,20170630,,,,
01030725,한국메탈,korea metal co.ltd,24229,20170630,,,,
00840310,동해중공업,"Dong-hae Heavy Industry co., ltd",3111,20170630,,,,
00610232,신안중공업,SHINAN HEAVY INDUSTRIES,3111,20170630,,,,
00866840,JS중공업,JS Heavy Industry.Co. Ltd.,24191,20170630,,,,
00454575,코원메탈,"kowon metal co., LTD",2419,20170630,,,,
00765152,초심공업,CHOSIM,29111,20170630,,,,
00654430,경용중공업,"KYUNG YONG HEAVY IND. CO., LTD",31114,20170630,,,,
00811390,의성메탈,Uiseongmetal,24221,20170630,,,,
00991216,그린메탈,GREEN METAL,46791,20170630,,,,
00820990,대룡중공업,"DAE RYONG HEAVY  INDUSTRIAL CO., LTD",31114,20170630,,,,
01014444,현대엠아이비,hdmib,2811,20170630,,,,
00436861,동진정공,"Dong Jin Precision Co.,LTD",30,20170630,,,,
00970374,대동콘덴서공업,"DAEDONG CAPACITOR CO.,LTD",26291,20170630,,,,
00564049,삼우공업,"SAMWOO INDUSTRIAL CO., LTD.",30,20170630,,,,
00575850,현대기계,"HYUNDAI MACHINERY CO., LTD.",292,20170630,,,,
00640905,일산정밀,"IL SAN PRECISION CO.,LTD",2599,20170630,,,,
00456537,성동공업,"sungdong heavy industries.co.,ltd",31114,20170630,,,,
00683849,신흥메탈,"SIN HUNG METAL COM.,LTD",24222,20170630,,,,
00591706,용산공업,yongsan Industry.co.ltd,30,20170630,,,,
00692643,태양정밀,TAEYANG JEONGMIL,30,20170630,,,,
00239754,에스케이에프자동차부품,SKF Automotive Components Corp.,30,20170630,,,,
00628596,SiemensVDOAutomotiveAG,Siemens VDO Automotive AG,30,20170630,,,,
00161602,한보철강공업,HANBO IRON & STEEL CO.LTD,2411,20170630,,,,
00494494,하지공업,"HAJIE INDUSTRIAL Co.,Ltd",29131,20170630,,,,
00678290,대광정공,"DAE KWANG PRECISION INDUSTRIAL CO.,LTD",30,20170630,,,,
00688437,싸이퍼캐스팅,Ciphercasting,261,20170630,,,,
00302263,우진기계공업,"WOOJIN MACHINERY co., LTD",30,20170630,,,,
00606646,현대하이엘씨디,"HYUNDAI HYeLCD, Inc.",26211,20170630,,,,
00220835,현대건영,"HYUNDAE GUN YOUNG CO.,LTD",32029,20170630,,,,
00129110,삼화고분자공업,"SAMHWA POLYMERS CO., LTD",2629,20170630,,,,
00365642,대교공업, ,259,20170630,,,,
00549855,현대스텐레스산업,"HYUNDAI STAINLESS Industries ci,LTD",46721,20170630,,,,
00658199,삼영공업,"SAMYOUNG CO.,Ltd",30,20170630,,,,
00682178,세림중공업,SELIM HEAVY INDUSTRY,31114,20170630,,,,
00664084,금호정공,"KUM-HO PRECISION CO.,LTD.",2511,20170630,,,,
00405603,오토피스정보통신,"Autoffice information & Communications co.,ltd",28123,20170630,,,,
00132123,엠비메탈,"MB METALS CO., LTD.",24221,20170630,,,,
00479273,대한냉열공업,"DAEHANHEATING&COOLING CO.,LTD",30,20170630,,,,
00576266,센서밸리,"Sensor Valley Co.,Ltd",2629,20170630,,,,
00413949,한국공업,"HAN KOOK INDUSTRY CO., LTD",25932,20170630,,,,
00410137,현대상용엔진,"Hyundai Commercial Vehicle Engine Co., LTD",30110,20170630,,,,
00577326,유피판넬공업,wonil CO.LTD,25112,20170630,,,,
00113793,에스앤티브레이크,"S&Tbrake Co.,Ltd",30,20170630,,,,
00491910,새서울기아,SAESEOUL GEAR CO.Ltd,2914,20170630,,,,
00673107,동보정밀강관,"dongbo precision steel pipe co.,ltd",30,20170630,,,,
00358156,부일머트리얼공업,"BOOIL MATERIAL IND.CO.,LTD.",2591,20170630,,,,
00648925,아시아중공업,"Asia Heavy Industries Co., Ltd.",31114,20170630,,,,
00659596,동호철강공업,"Dongho Steel Industry CO.,LTD",24112,20170630,,,,
00511092,타워오토모티브코리아,"Tower Automotive Korea Co., Ltd.",30,20170630,,,,
00541950,베루오토모티브,"Beru Automotive Co.,Ltd",30,20170630,,,,
00645502,비티캠,"BIO TECHNOLOGY CHEMICAL CO.,LTD",46739,20170630,,,,
00116374,동희오토모티브,"DONG HEE AUTOMOTIVE CO.,LTD.",30,20170630,,,,
00693864,아주메탈,AJU METAL CORPORATION,46791,20170630,,,,
00120456,롯데기공,"Lotte engineering & machinery MFG. Co., Ltd.",28520,20170630,,,,
00659523,재아철강공업,"JaeA Steel Industry CO.,LTD",24121,20170630,,,,
00180591,삼신정공,"SAMSHIN PRECISION CO.,LTD",2812,20170630,,,,
00613813,인성정밀기계,"INSUNG PRECISION MACHINE CO., LTD.",29269,20170630,,,,
00415716,창일정공,"CHANGIL PRECISION CO., LTD.",29280,20170630,,,,
00767044,성도중공업,"SUNGDO HEAVY INDUSTRIES CO., LTD.",29161,20170630,,,,
00521336,한도정공,"HAN DO PRECISION INDUSTRY CO.,LTD",26,20170630,,,,
00658490,미래정밀,"MIRAE PRECISION ., LTD.",2511,20170630,,,,
00609786,현대텔레매틱스,HTMS(주),46522,20170630,,,,
00693068,스카이젠와이어리스,"SKYZEN WIRELESS CO., LTD.",46522,20170630,,,,
00448802,현대알비,HYUNDAIR.B  CO.LTD,2413,20170630,,,,
00527206,삼일공업,"SAMIL INDUSTRIAL CO.,LTD.",24222,20170630,,,,
00622592,동아특수정밀,"DONG-A SPECIAL PRECISION CO.,LTD.",30,20170630,,,,
00415831,한국아이지모타,Korea  IG motor co.Ltd,28111,20170630,,,,
00531388,베스트메탈라인,BEST METALINE,25932,20170630,,,,
00662767,대창기계공업,"daechang dmc co., ltd.",292,20170630,,,,
00589774,에스에이티,"Supreme Automotive Technology CO.,LTD",30,20170630,,,,
00669140,현대기연,"HYUNDAI GIYEON CO.,LTD.",291,20170630,,,,
00621380,미래중공업,"MIREA HEAVY INDUSTVIES CO., LTD.",31114,20170630,,,,
00168544,대광다이캐스트공업,"DAE KWANG DIE CAST LND.CO.,LTD.",24321,20170630,,,,
00756808,리퀴드메탈코리아,"Liquidmetal Korea Co.,Ltd",24219,20170630,,,,
00622565,씨앤중공업,"C& HEAVY INDUSTRIES CO., LTD",3111,20170630,,,,
00582771,센스엔센서,"SENSE & SENSOR Co.,Ltd",2629,20170630,,,,
00559588,선우정밀,"SUNWOO PRECISION CO.,LTD",31114,20170630,,,,
00444532,화성정밀,"HWA SUNG PRECISION CO.,LTD.",2629,20170630,,,,
00168678,대양조침공업, ,33303,20170630,,,,
00125220,삼기기공,"Samkee Machinery Co., Ltd",30,20170630,,,,
00561884,동해메탈,"donghae metal co.,ltd",24212,20170630,,,,
00517005,경일중공업,"kyoungil heavy industries.co.ltd.,",3020,20170630,,,,
00764694,두도중공업,"DooDoHI Co.,Ltd",29,20170630,,,,
00111652,대우자동차,"daewoo motor co., ltd.",30121,20170630,,,,
00101974,현대ENERCELL,"HYUNDAI ENERCELL CO.,LTD",28202,20170630,,,,
00762881,오리엔탈중공업,"ORIENTAL HEAVY INDUSTRIES CO.,LTD",31114,20170630,,,,
00608167,성산금속공업,"sung san metal ind.co.,ltd.",29133,20170630,,,,
00145631,일진중공업,"ILJIN Heavy Industries Co.,Ltd",28112,20170630,,,,
00691510,서진전자공업,"SEOJIN ELECTRON CO., LTD",26291,20170630,,,,
00566472,창일공업,Chang IL Industry Inc.,30,20170630,,,,
00361451,위너베어링,"WINNER BEARINGS CO.,LTD.",29141,20170630,,,,
00665515,서울금속정밀기기,"SEOUL METAL PRECISION CO., LTD.",259,20170630,,,,
00472261,화신커넥터,"HWASHIN CONNECTOR Co., Ltd.",2629,20170630,,,,
00122065,미쿠니알케이정밀,MIKUNI R.K CORPORATION,28520,20170630,,,,
00665870,삼진공업,"Samjin Industry co., ltd",2913,20170630,,,,
00451383,두원정밀,"DooWon Precision Co. Ltd.,",2629,20170630,,,,
00417291,와이어텍,"WIRETECH.CO.LTD,.",28302,20170630,,,,
00490133,진명자동차,"jinmyoung motors co., ltd",3020,20170630,,,,
00498816,효성전기공업(주,HYOSUNG JUNKI CORP.,28,20170630,,,,
00505240,"Motorola,Inc.","Motorola, Inc.",2642,20170630,,,,
00362061,HyundaiAssanOtomotivSanyaiVeticaretA.S.,Hyundai Assan Otomotiv Sanyai Ve ticaret A.S.,30121,20170630,,,,
00363990,척선정밀,"CHUK SUN PRECISION CO.,LTD",28302,20170630,,,,
00547893,CooperStandardAutomotiveInc.,Cooper Standard Automotive Inc.,30,20170630,,,,
00496517,십자성공업,"CROSS STAR CO.,LTD.",2629,20170630,,,,
00418120,현대엘씨디,Hyundai  LCD Inc.,26211,20170630,,,,
00184685,유진전장,YUJIN ELECTRO-CIRCUIT SYSTEMS,30,20170630,,,,
00303800,삼보정밀,"SamBo Precision Co., Ltd",25911,20170630,,,,
00506188,ShanghaiAutomotiveIndustryCorporation(Group),Shanghai Automotive Industry Corporation (Group),30121,20170630,,,,
00510002,씨큐어메탈,securemetal co.ltd,24199,20170630,,,,
00234795,창흥정밀,"CHANG HEUNG PRECISION CO., LTD.",30,20170630,,,,
00511366,동신캐스팅,"DONG SHIN CASTING CO., LTD.",24311,20170630,,,,
00516459,제일정밀시스템,jepcom,263,20170630,,,,
00508627,"SAICMotorCorporation,Ltd.","SAIC  Motor  Corporation,  Ltd.",30121,20170630,,,,
00191205,남이중공업,"Namee Heary Industries Co.,Ltd.",2511,20170630,,,,
00172875,동양기공,Dong Yang.Ind,30,20170630,,,,
00402226,현대시스콤,Hyundai Syscomm Inc.,2642,20170630,,,,
00151173,창화공업,CHANG HWA INDUSTRIAL CO. LTD.,30,20170630,,,,
00409177,남영자동차공업,"NAMYOUNG MOTOR CO., LTD.",3020,20170630,,,,
00210069,한국열교환기공업,Korea Heat Exdranger lnd. co. Ltd.,25130,20170630,,,,
00485113,고일액슬,KOEIL AXLE ,30,20170630,,,,
00223258,경일중공업, ,3020,20170630,,,,
00366049,대성메탈테크닉,"DAESUNG METAL TECHNIC CO., LTD",24219,20170630,,,,
00247647,캠스틸코리아,"CHEMSTEEL CO, LTD.",46800,20170630,,,,
00156497,한국강구공업, ,29141,20170630,,,,
00198262,대신메탈라이징,DAESHINMETTALIZING,2419,20170630,,,,
00508797,올림피아공업,"OLYMPIA  INDUSTAL  CO. LTD.,",25121,20170630,,,,
00117160,동양기어,"DONGYANG GEAR CO., LTD",30,20170630,,,,
00259086,국제스틸공업,"KOOK JAE STEEL IND., CO. LTD",29133,20170630,,,,
00169516,삼명정밀,"SAM MYUNG PRECISION CO.,LTD",2612,20170630,,,,
00545530,폴리메탈,POLYMETAL CORP.,46721,20170630,,,,
00547097,대흥기계공업,"DAE HEUNG MACHINERY CO., LTD.",292,20170630,,,,
00257848,중앙판넬공업,"JOONG ANG PANEL CO., LTD.",2511,20170630,,,,
00266907,거림정공,"GL EPOTECH CO., LTD",29131,20170630,,,,
00105439,금강정공,"KUMKANG PRECISION IND. CO., LTD",29161,20170630,,,,
00532369,진해중공업,"JINHAE HEAVY INDUSTRIES CO., LTD",31113,20170630,,,,
00325866,한국아이엔전자공업,Korea IN Electronics,27215,20170630,,,,
00191773,강서공업,Kang-Seo Industries,26,20170630,,,,
00584168,아주야마이찌전기공업,ASIA YAMAICHI ELECTRONICS INC.,2629,20170630,,,,
00591885,은성정공,"EUNSUNG.CO.,LTD",29229,20170630,,,,
00367437,영창정밀,"Yong Chang Precision Co.,Ltd.",25944,20170630,,,,
00531546,고려정공,"korea precision co.,ltd",259,20170630,,,,
00182207,세원정밀,"SEWON PRECISION CO., LTD.",30,20170630,,,,
00363811,서광공업,"SEOKWANG MFG. CO., LTD.",2413,20170630,,,,
00528834,세풍전자공업,"Sepung Electronic Industry Co., Ltd.",30,20170630,,,,
00495493,한영자동제어,"HANYOUNG AUTO CONTROLS CO,.LTD",27215,20170630,,,,
00100300,케이비메탈,"KABOOL METALS CO.,LTD.",25932,20170630,,,,
00244570,아성전자부품,"A SEONG ELECTRONIC PARTS CO.,LTD.",26,20170630,,,,
00399870,에스캠,"SCAM CO.,LTD",26,20170630,,,,
00589224,"ShanghaiAutomotiveCo.,Ltd.","Shanghai Automotive Co., Ltd.",30121,20170630,,,,
00372615,디와이엠베어링,"DYM BEARING CO., LTD.",29142,20170630,,,,
00549217,원진정밀,"WONJIN PRECISION CO.,LTD.",30,20170630,,,,
00248150,동운공업,"dong woon industries co., ltd",2511,20170630,,,,
00138002,신흥특수기계공업,"SHINHEUNG SPECIAL MACHNERY INDUSTRY CO., LTD.",30,20170630,,,,
00582106,신성전자공업,"SHINSUNG ELECTRONICS CO.,LTD.",2612,20170630,,,,
00152677,코리아정공,Korea Presion,30,20170630,,,,
00109666,대림금속공업,Daerim Powder Metallurgy Co.ltd.,25112,20170630,,,,
00316512,모터넷인터내셔날,Motor-Net  International ,28111,20170630,,,,
00510996,아진인슈판넬공업,"ah jin insue panel co., ltd ",25112,20170630,,,,
00108171,녹십자의료공업,green cross medical.co,27199,20170630,,,,
00406505,한중공업,"Han heavy industries co.,LTD",2512,20170630,,,,
00488794,신광정밀,"SHIN KWANG PRECISION CO., LTD.",2591,20170630,,,,
00111698,대우정밀공업,DAEWOO PRECISION INDUSTRIES. LTD.,30,20170630,,,,
00455343,동양정공,"DONGYANG INDUSTRIALS CO., LTD",31114,20170630,,,,
00448778,대우인천자동차,"Daewoo Incheon Motor Co., Ltd.",30121,20170630,,,,
00178019,대한수지공업,"DAHANRESIN IND. Co., LTD.",31112,20170630,,,,
00560450,스타메탈,"Star metal co., ltd",24321,20170630,,,,
00376198,유일정공,YUIL ENGINEER CORPORATION,27213,20170630,,,,
00256706,한우공업,"JAN WOO IND. CO., LTD.",24321,20170630,,,,
00379210,대동오토사운드,"DAEDONG AUTOSOUND CO., LTD.",26,20170630,,,,
00417130,대우정밀,"Daewoo Engineering Co.,Ltd",24229,20170630,,,,
00319908,오토람스,"AUTORAMS CO.,LTD.",30,20170630,,,,
00409353,대동기계공업,"Daedong Machinery Industrial Co,.Ltd.",2599,20170630,,,,
00222602,거제공업,"KOJE INDUSTRY CO., Ltd.",30,20170630,,,,
00111713,대우중공업,DAEWOO HEAVY INDUSTRIES & MACHINERY LTD.,29161,20170630,,,,
00455811,성준모토라비아,"S.J MOTORAVIA CO.,LTD",31321,20170630,,,,
00325990,현대텔레텍,"Hyundai Teletek Co.,Ltd.",26410,20170630,,,,
00522478,동희오토모티브,"Donghee Automotive co.,Ltd",30,20170630,,,,
00529851,우평차륜,"WOO PYONG MOTOR WHEEL .CO., LTD",30,20170630,,,,
00541464,지멘스브이디오오토모티브에이지,Siemens VDO Automotive AG,30,20170630,,,,
01209644,다성에프에이,DASUNG FACTORY AUTOMATION,4659,20170630,,,,
01223097,현대에스티앤피,HYUNDAI ST&P,26429,20170630,,,,
00360610,오토산업,AUTO ELECTRONIC CORP,30,20170630,,,,
01046294,티캠솔루션,TCAMSOLUTION,2629,20170630,,,,
01103207,한신정밀,"HANSIN PRECISION CO., LTD.",29119,20170630,,,,
00926276,청하중공업,"CHEONG HA HEAVY INDUSTRIES CO.,LTD.",24312,20170630,,,,
00615051,목포조선공업,"MOKPO SHIPBUILDING INDUSTRY CO.,LTD",31113,20170630,,,,
00920139,한국신철공업,"korea steel industries co.,ltd",24122,20170630,,,,
00571580,현대테크,"HYUNDAT TECH CO., LTD.",2622,20170630,,,,
00967097,세한정공,"SEHAN PRECISION IND.Co.,Ltd",30,20170630,,,,
00621371,제이엠모터스,JM MOTORS,30,20170630,,,,
01180923,대일정공사,"DAEIL PRECISION CO.,LTD",30,20170630,,,,
00672463,용원기계공업,yongwon crusher co,2929,20170630,,,,
00567587,남동전동기,"NAMDONG ELECTRIC MOTOR CO., LTD",28111,20170630,,,,
00969271,삼우중공업,SAM WOO HEAVY INDUSTRIES,31114,20170630,,,,
01211454,만영공업,MANYOUNG CO.IND.,30,20170630,,,,
00462893,대산철강공업,"dae san steel co.,ltd",2412,20170630,,,,
00565279,송강중공업,"SONG KANG INDUSTRIAL CO.,LTD",31114,20170630,,,,
01079371,태광정밀,"Taegwang Precision.co.,Ltd",30,20170630,,,,
01221275,지케이메탈,GK Metal,30,20170630,,,,
00813130,에스앤씨엔진,s & c engine,31114,20170630,,,,
00106225,금정공업,"KEUMJUNG IND. CO.,LTD.",29131,20170630,,,,
00914183,에이치와이중공업,"HY HEAVY INDUSTRIES CO.,LTD.",2511,20170630,,,,
01159491,디엠메탈,"DM METAL CO.,LTD",24229,20170630,,,,
00878137,대광공업,"DAEKWANG.CO.,LTD",303,20170630,,,,
00369189,가야중공업,"GAYA Heavy Indusries Co.,Ltd",2511,20170630,,,,
01171837,유진전장,"EUJIN Elect co.,Ltd",2812,20170630,,,,
01073207,첨단정공,"CHUMDAN PRECISION Co., Ltd",29223,20170630,,,,
00662095,조양정밀기계,"CHO YANG PRECISION MACHINERY CO.,LTD.",29142,20170630,,,,
00809492,대광중공업,"DAE KWANG HEAVY INDUSTRIES CO., LTD.",29142,20170630,,,,
01088209,삼정폴리머,"SAMJUNG POLYMER CO.,LTD",46733,20170630,,,,
01159127,나노메탈코리아,"Nano Metal Korea Co., Ltd",262,20170630,,,,
00102867,고려애자공업,"Korea Insulator Industrial Co., Ltd.",28303,20170630,,,,
00921509,창원정공,"Changwon Precision Ind. Co., Ltd.",29223,20170630,,,,
00556411,트론캠프,TRONCAMP INC,2612,20170630,,,,
01073058,현대씨엔에스,"HYUNDAI C & S CO., LTD",24122,20170630,,,,
00683353,메탈씨닷컴,"Metalc co., Ltd",4610,20170630,,,,
00974501,에스엔케이중공업,"S&K Heavy Industry Co.,Ltd",31114,20170630,,,,
00609157,진양공업,"JINYANGINDUSTRIAL. CO., LTD.",27211,20170630,,,,
01022391,머신오토,"machine auto co.,ltd",262,20170630,,,,
00796958,한창중공업,"HAN CHANG HEAVY INDUSTRIES CO., LTD ",31114,20170630,,,,
00872683,대원공업,DAEWON,26,20170630,,,,
01142792,하림기공,"HARIM MACHINERY CO., LTD.",292,20170630,,,,
00656216,한창하이메탈,"HAN CHANG HIGH METAL CO.,LTD. ",27191,20170630,,,,
00662509,동성정공,"DONG SUNG PRECISION INDUSTRY.CO.,LTD",30,20170630,,,,
00246453,S&T전장,"S&T Electrics Co.,Ltd",30,20170630,,,,
00666897,동아중공업,"Dong A Heavy Industry Co, Ltd.",31114,20170630,,,,
01055247,세키스이화학공업,"SEKISUI CHEMICAL CO.,LTD  ",33999,20170630,,,,
00928122,모토윈,MOTOR WIN CO. LTD,30,20170630,,,,
01070839,한국스미토모전공일렉트로닉스,"SUMITOMO ELECTRIC (KOREA) ELECTRONICS,LTD. ",4659,20170630,,,,
01103085,의성기공,"UISUNG MACHINE INDUSTRIES.CO.,Ltd",2812,20170630,,,,
00567985,오토웍스,"Autoworks Co., Ltd",26,20170630,,,,
00991270,성진중공업,SUNGJIN HEAVY INDUSTRY ,31114,20170630,,,,
01084993,현대메탈,"HYUNDAI METAL CO.,LTD.",30,20170630,,,,
00534765,영일공업,"YoungIl Indus.co.,Ltd",30,20170630,,,,
01099755,현대가전업,"Hyun Dae Household Applances  Co .,LTD",28511,20170630,,,,
00925949,동양메탈,"DONG YANG METAL CO.,LTD",25912,20170630,,,,
01102138,세영중공업,se young,29132,20170630,,,,
01163883,"UNIQUEWEALTHAUTOMOTIVECO.,LTD","UNIQUE WEALTH AUTOMOTIVE CO.,LTD",30,20170630,,,,
01102527,오케이폴리머,"Ok Polymer Co.,Ltd.",46733,20170630,,,,
00428181,에프-엠모터파츠리미티드,F-M Motorparts Limited,30,20170630,,,,
00674665,가나중공업,Gana industry Co. Ltd.,25,20170630,,,,
00921031,태경중공업,"SEYANGSHOT BLAST MACHINERY CO.,LTD",25929,20170630,,,,
00489544,오토모티브홀딩스코리아,"Automotive Holdings Korea, Ltd.,",30,20170630,,,,
00110574,대성정기,"DAESUNG AUTOMOTIVE CO., LTD",30,20170630,,,,
00792110,포스하이메탈,"POS-HiMETAL CO., Ltd",24113,20170630,,,,
00604639,풍한금속공업,"POONG HAN METAL INDUSTRIES CO.,LTD.",24229,20170630,,,,
00887755,케이비중공업,KB HEAVY INDUSTRIES,2413,20170630,,,,
00822545,전일기계공업,"JEONIL Machinery Co., Ltd",29241,20170630,,,,
01045462,현대중경,"Hyundai Jungkyung Co., Ltd ",2413,20170630,,,,
01070370,현대대경,"HYUNDAI DAEKYUNG CO., LTD",2413,20170630,,,,
00245144,현우공업,"hyun woo ind co, ltd",24222,20170630,,,,
01048052,현대금속,hyundaipipe,4669,20170630,,,,
01102882,비엔지중공업,"BNG HEAVY INDUSTRIES CO.,LTD",2511,20170630,,,,
00446691,유전공업,"youjeon steel co., ltd",2419,20170630,,,,
00144678,유신전자공업, ,28909,20170630,,,,
00563174,티앤엑스중공업,T&X Heavy lndustries,25991,20170630,,,,
01016558,서진중공업,"SEOJIN HEAVY INDUSTRIES CO.,Ltd",31114,20170630,,,,
00760980,구만중공업,"GUMAN Heavy Ind.co.,ltd",31114,20170630,,,,
01027192,명진기공,"myungjin machinery ind.co.,ltd",2922,20170630,,,,
00244835,코비디엔코리아,Autosuture Korea,46441,20170630,,,,
01141960,가람정공,Karam Precision Inc.,2629,20170630,,,,
01104330,상해메탈,"SHANGHAI METAL CO.,LTD",46722,20170630,,,,
00673648,한주정공,"HANJOO PRECISION IND.CO.,LTD",303,20170630,,,,
01156050,도시바일렉트로닉스코리아,TOSHIBA ELECTRONICS KOREA CORPORATION,4659,20170630,,,,
00502951,삼영기계공업,"SAM YOUNG MACHINERY INDUSTRIAL CO.,LTD.",29229,20170630,,,,
00875440,심팩메탈,"SIMPAC METAL Co., Ltd.",24113,20170630,,,,
00765161,대경중공업,"DAE KYOUNG CO., LTD",31114,20170630,,,,
00450904,에바정밀코팅,"EVA Coating Technology Co., Ltd.",2612,20170630,,,,
00158477,클라리언트플라스틱앤코팅,Clariant Plastics & Coatings (Korea) Ltd.,46731,20170630,,,,
00523477,현대네트워크시스템,"HYUNDAI NETWORK SYSTEM,Inc",26410,20170630,,,,
00203388,신광경금속공업,"SHIN KWANG LIGHT METAL CO.,LTD.",24329,20170630,,,,
01030381,한국정밀,"HANKUK PRECISION CO.,LTD",24321,20170630,,,,
00814324,금호중공업,"Kumho Heavy Industries co.,Ltd.,",31114,20170630,,,,
00235493,성창중공업,"sungchang heavy industries co.,ltd.",25119,20170630,,,,
01106860,오토티엠,AUTO.T.M,303,20170630,,,,
01127313,시리얼마이크로일렉트로닉스피티이엘티디,SERIAL MICROELECTRONICS PTE LTD,4659,20170630,,,,
01099223,신광기공,Shin Kwang Co.Ltd,25924,20170630,,,,
00933638,테이진일렉트로닉스코리아,"TEIJIN ELECTRONICS KOREA CO.,LTD",46800,20170630,,,,
01041040,일화공업,"ILHWA INDUSTRY CO.,LTD",2512,20170630,,,,
00934239,신한정밀,"Shinhan Precision Co.,Ltd.",2629,20170630,,,,
00404899,삼화정밀,Sam Hwa Precision Co. Ltd,25932,20170630,,,,
01014107,주성폴리머,JOOSUNG POLYMER CORP.,46733,20170630,,,,
00176163,국제다이아몬드공업,"KUKJEDIAMOND INDUSTRIAL CO.,LTD",29229,20170630,,,,
01045143,유원정공,"yuwoun precision co.,ltd",30,20170630,,,,
01137073,건영오토,KUNYOUNG AOTO,30,20170630,,,,
01101801,한양오토모티브,"HanYang Automotive Co.,Ltd",2413,20170630,,,,
01104279,오토웰,"AUTOWEL CO.,LTD.",28909,20170630,,,,
00262938,한국정밀,KOREA  TRECISION,29111,20170630,,,,
01023576,강남기계공업,"KANGNAM MACHINE INDUSTRY CO.,LTD",31114,20170630,,,,
00767831,아봉금속공업,"A-BONG Metal Inc. co., Ltd.",30,20170630,,,,
00759975,현대스틸,"HYUNDAE STL CO., LTD",24312,20170630,,,,
01172289,상봉모터스,"SANG BONG MOTORS CO.,LTD",30,20170630,,,,
00668345,휴맥스오토모티브,"Humax Automotive co., Ltd",26521,20170911,,,,
00598754,대화메탈,"DAEHWA METAL CO.,LTD",2591,20170918,,,,
01253177,아림정밀,"ALIM PRECISION CO.,LTD.",25924,20171011,,,,
01014666,에스앤씨메탈,"S&C MATAL CO., LTD.",292,20170630,,,,
00559773,현대단조,"HYUNDAI FORGING CO.,LTD",25912,20170630,,,,
01037621,세키스이플라스틱코리아,"SEKISUI PLASTICS KOREA CO.,LTD.",46739,20171226,,,,
01251425,엠에스씨메탈,Corp. MSC METAL,46722,20170928,,,,
00862172,진우정공,"JINWOO PRECISION INDUSTRY CO.,LTD",29241,20170927,,,,
01078512,삼원오토밸리,"SamwonAutovalley.Co.,Ltd",30,20170808,,,,
01251133,메탈리카,"METALICA CO.,LTD",26299,20170929,,,,
01038444,스프레이오토텍,"SPRAY AUTO TECHNOLOGY CO.,LTD",291,20170808,,,,
00620752,세기정공,"CENTURY PRECISION CO., LTD.",29133,20170809,,,,
00837167,동민금속공업,"DONG MIN METAL INDUSTRIAL CO,.LTD",259,20170630,,,,
01139053,어업회사법인미주물산,"COMMERCIAL FISHING CORPORATION MIJU MULSAN CO., LTD.",46,20170630,,,,
00919568,미래정공,"MIRAE PRECISION IND.CO.,LTD",24199,20170630,,,,
00619376,창원금속공업,CHANGWON METAL INDUSTRY,30,20170630,,,,
00770862,영신오토모티브,"Youngshin Automotive co.,ltd",3033,20170630,,,,
00243678,환웅정공,"HWANWOONG PRECISSON CO.,LTD",29111,20170630,,,,
01139682,씨케이메탈,"CK METAL Co., Ltd.",24212,20170630,,,,
00232797,삼화통신공업,SAMHWA TELECOM CO. LTD,2642,20170630,,,,
01150630,영산중공업,"YoungSan Heavy Ind. Co., Ltd.",2511,20170630,,,,
00766443,현대에이치앤에스,"hyundai H&S.co.,Ltd",46,20170630,,,,
00673037,대성공업,Daeseong,31991,20170630,,,,
01234312,영일오토메이션,YOUNGIL AUTOMATION,46521,20170630,,,,
00959867,알모티브,"ALMOTIVE CO., Ltd.",24212,20170630,,,,
01174694,형제기계공업,"HyungJe Machinery Co.,Ltd.",25924,20170630,,,,
00761174,팬코리아중공업,PANKOREA,29111,20170630,,,,
01020551,한일중공업,"HANIL HEAVY INDUSTRIES Co.,Ltd",25130,20170630,,,,
00834975,동원중공업,"DONGWON HEAVY INDUSTRIES CO., LTD",28111,20170630,,,,
00523732,한일중공업,"HANIL HEAVY INDUSTRIES CO,.LTD",25121,20170630,,,,
00227652,삼화주철공업,SAMHWA CAST IRON CO LTD,24311,20180508,,,,
00616698,동성에이씨에스,"Dongsung Automotive Composite solutions co.,ltd",30,20180508,,,,
01153132,극동정밀,KeukDong PRECISION CO.LTD,2591,20180508,,,,
01212222,용진정밀,"YoungJin Precision Industries Co.,Ltd",30,20180504,,,,
01150232,피알캠,"PRCAM CO., LTD.",292,20180509,,,,
01297357,현대중장비중부판매,hyundai heavy equipment,4610,20180509,,,,
01145133,오토시스,AUTOSYS CORPORATION,28123,20180509,,,,
00778679,현대인프라코어,hyundaiinfracore.co.ltd,28901,20180423,,,,
00219185,제이엠씨중공업,"JMC Heavy Industries Co.,Ltd",33999,20180202,,,,
01304985,현대지게차서울동부판매,Hyundai  forklift  seoul east sales Co.Ltd,46532,20180514,,,,
00669812,현대산기,"Hyundai Industrial Machinery CO., LTD.",29,20180511,,,,
00503589,디에이치일렉트로닉스,"DAEHWE PRECISION CO.,LTD.",2629,20180511,,,,
01285893,고려정밀,korea precision co.,25924,20180511,,,,
01308352,성원오토메이션,"sungwon automation co.,ltd.",29133,20180511,,,,
00878021,콘티넨탈오토모티브코포레이션코리아,Continental Automotive Corporation Korea Ltd.,4610,20180510,,,,
00766957,태경중공업,"Taekyung Heavy Industries CO., LTD.",29,20180510,,,,
00964638,케이.엠.피이,korea motors plastic,30,20180510,,,,
01220197,현대텍,hyundatec,29141,20180813,,,,
00923482,레어메탈코리아,"RAREMETAL Co.,Ltd",29133,20180515,,,,
00682628,동원중공업,DONGWON HEAVY INDUSTRY CORP.,31114,20180515,,,,
01325146,아토메탈테크코리아,"attometal tech korea Ltd,.",2411,20180830,,,,
01225402,은성브레이크,E.S.BRAKE,2591,20180821,,,,
01234729,후지쯔컴포넌츠코리아,FUJITSU COMPONENTS KOREA LIMITED.,46521,20180720,,,,
00970611,영재정공,"YOUNGJAE PRECISION INDUSTRY CO,LTD",30,20180514,20260401,감사보고서 (2025.12),20260401001034,
01157244,우진중공업,"WOOJIN HEAVY INDUSTRY CO.,LTD.",29230,20180514,,,,
01032024,유영정공,"YOOYEONG TECH CO., LTD",2511,20180514,,,,
01145300,동화전자공업,"DONG-HWA ELECTRONICS CO.,LTD.",2629,20180514,,,,
00495660,한립지엘공업,"HANLIP GL IND CO,. LTD",25119,20180514,,,,
01208283,천영기공,"CHUN YOUNG CO.,LTD.",26422,20180514,,,,
00650610,디에스중공업,"ds heavy industries.co.,ltd.",29169,20180514,,,,
01085202,금오금속공업,-,29241,20190226,,,,
01334481,수성공업,"SUSUNG INDUSTRIAL CO., (PVT) LTD.",28410,20181012,,,,
00919434,세광공업,"SEKWANG INDUSTRIAL.CO.,LTD",31114,20190225,,,,
01135428,디에이치메탈,"dh metal co.,ltd.",25912,20190221,,,,
00967918,코스모와이어,COSMO WIRE LTD,25944,20190213,,,,
00568197,우창공업,"WOO CHANG IND. CO.,LTD.",31114,20190227,,,,
01333923,경흥금속공업,"KYUNGHEUNG METAL.CO.,LTD",24311,20181106,,,,
01336708,씨앤디메탈스코리아,"C&D METALS KOREA CO., LTD",46800,20181106,,,,
00451602,민성정밀,"MINSUNG PRECISION CO.,LTD.",29230,20190226,,,,
00913050,서원조명공업,Seowon Lighting Industry Corp.,2842,20190215,,,,
00924968,부광정공,"BUKWANG PNE CO.,LTD",31114,20190226,,,,
00159315,한국정기공업,"HANKOOK PRECISION IND.CO.,LTD.",29142,20181031,,,,
01318845,부광모터스,boo kwang motors,3020,20190226,,,,
01085239,흥진정공,"HEUNGJIN.CO,.LTD",30,20190218,,,,
00535515,한국알박정밀,"ULVAC KOREA PRECISION,LTD.",29271,20181116,,,,
00376602,현대파워텍,Hyundai PowerTech Co. Ltd.,30,20190116,,,,
00957179,트라이캠테크놀로지,"Trycamtechnology Co., Ltd.",27199,20190220,,,,
00763792,지우정공,"JIWOO PRECISION CO.,LTD",2599,20190221,,,,
00107190,남선기공,NAMSUN MACHINERY CORP.,29223,20190227,,,,
01088980,신동아정공,Shindongah Precision Co. LTD.,259,20190215,,,,
00404853,중앙해양중공업,"Joong-Ang Heavy Industry Co., Ltd",31114,20190214,20260401,감사보고서 (2025.12),20260401000213,
01221460,연한공업,Yunhan,30,20190220,,,,
01212879,힐중공업,hill,2511,20190222,,,,
01212842,기하정밀,"KEEHA PRESISION CO.,LTD",25929,20190201,,,,
00405755,태양중공업,"TAEYANG METAL CO.,LTD",31202,20190220,,,,
01240526,대원정공,"DAEWON PRECISION CO., LTD",25913,20190329,,,,
01354263,현대철강,"HYUNDAE STEEL CO., LTD.",2419,20190312,,,,
00927071,창일정공,CHANG IL,29271,20190228,,,,
01329629,중앙자동차해체재활용업,Jungang Junyard,30400,20190228,,,,
01015373,잘만정공,"JALMAN PRECISION CO.,LTD.",29141,20190228,,,,
00113304,대한주물,"DAE HAN CAST IRON CO., LTD.",24311,20190304,,,,
00210272,삼영금속공업,"sam yung metal industrial co., Ltd",25119,20190228,,,,
00923084,모코,Motor Components LTD,30,20190228,20260408,감사보고서 (2025.12),20260408001197,
01032811,안전정밀,"ANJEON PRECISION CO.,LTD",29141,20190329,,,,
00410748,한일금속공업,hanil metal industry co.LTD.,25921,20190424,,,,
00785633,대한중기공업,"DAE HAN HEAVY MACHINERY CO., LTD",29111,20190415,,,,
01309148,디씨티오토,"DCT AUTO CO.,LTD.",30201,20190326,,,,
01367285,경인기어,"Kyungin Gear Co.,Ltd",2914,20190415,,,,
01026847,대진정공,"DAI JIN PRECISION CO., LTD.",29131,20190228,,,,
00581930,교세라커넥터코리아판매,KYOCERA Connector Korea Sales Co.Ltd.,46522,20190314,,,,
00979250,번영중공업,Beonyoung Heavy Industry Co.Ltd.,31114,20190503,,,,
00566427,동양레어메탈,"DONG YANG RARE METAL CO.,LTD",24312,20190327,,,,
00769671,유니월드오토테크,UNIWORLD AUTO TECH CORP.,303,20190315,,,,
01082241,신진정공,sinjin,30,20190328,,,,
00815989,월드중공업,"world heavy industry.co.,ltd",2511,20190328,,,,
01299887,우성정밀,Woosung Precision Co.Ltd,30331,20190401,,,,
00984182,파워텍일렉트로닉스,"POWERTECH ELECTRONICS CO.,LTD.",26421,20190320,,,,
01381249,우진자동화,"woojin automation.co.,ltd",29163,20190507,20260408,감사보고서 (2025.12),20260408002866,
01160114,성진정밀,"  SUNG JIN PRECISION Co., Ltd.",2629,20190305,,,,
01374300,대림메탈,"DAELIM METAL CO.,LTD",24312,20190507,,,,
01074826,한주정밀,"HANJOO PRECISION CO.,LTD.",30,20190517,,,,
01103739,제이에스메탈,"JS METAL CO., LTD",24132,20190429,,,,
01147672,칸정공,KHANPI CO.LTD,31114,20190327,,,,
01229727,현대엔지니어링,"HYUNDAE ENGINEERING CO.,LTD",29271,20190329,,,,
00678768,대덕스크랩공업,-,4679,20190328,,,,
00815864,삼보중공업,"SAMBO HEAVY INDUSTRIES CO., LTD",29161,20190426,,,,
00667018,WD중공업,"WD Heavy Industry Co, Ltd.",31114,20190329,,,,
01080331,영일정공,"young il precision & ind.co.,ltd",29111,20190306,20260407,감사보고서 (2025.12),20260407003316,
00535320,세진특수정밀,"SEJIN SPECIAL PRECISION CO., LTD",30,20190311,,,,
00825542,보성중공업,"BO SEONG HEAVY INDUSTRIES.CO.,LTD",25921,20190313,,,,
00911609,동림중공업,"QTECH Co.,Ltd.",31114,20190425,,,,
01176373,상우클램프,"SANG WOO CLAMP CO.,LTD",25933,20190412,,,,
00835105,삼정오토모티브,SAMJEONG AUTOMOTIVE,30,20190312,,,,
00848358,씨앤씨오토모티브,"C&CAUTOMOTIVE  CO.,LTD",26,20190513,,,,
00110538,신대성전기,LS Automotive Corp.,30,20190322,,,,
01380259,디케이엠,"DKM MOTOR CO.,LTD.",28111,20190514,,,,
01177655,동아정공,"Donga Inst Co,.LTD",24311,20190329,,,,
01017937,삼신정공,"samshin precision industry co.,ltd.",26299,20190409,,,,
00874584,신진정밀,SHINJIN MACHINERY CO.LTD,25924,20190321,,,,
01175611,현대산업,HYEONDAESANEOP(JU),25923,20200116,,,,
01080614,아인스오토메이션,eins automation ,28123,20190617,,,,
01398656,윤우정밀,YoonWoo Inc,30399,20190829,,,,
01403000,아이메탈,IMETAL CO.LTD,46721,20190927,,,,
01400623,오토월드,autoworld. co.ltd,31312,20191030,,,,
00921819,국민정밀,"KUK MIN PRECISION CO.,LTD",2591,20190610,,,,
01137462,동남주물공업,"DONG NAM IRON CASTING CO., LTD",24312,20191218,,,,
01399266,동산기공,"dong san ki gong co.,ltd.",29120,20190911,,,,
01407574,현대엠테코주,"HYUNDAI MTECO.CO.,LTD",29163,20190923,,,,
01406487,유일정공,YOOIL,29199,20191016,20260406,감사보고서 (2025.12),20260406004466,
01396445,삼영정공,"Samyoung Precision Co., Ltd.",25924,20190813,20260413,감사보고서 (2025.12),20260413001210,
01106222,승일메탈,corporation seung il metal,2592,20191023,,,,
01399619,디피메탈,DESIGN&PRODUCTION OF METAL,29120,20190903,,,,
01404920,에프엘오토,FLAUTO Corp.,30201,20190909,,,,
00921633,한성철강공업,Hansung Steel Material,2511,20191105,,,,
01010387,대영정밀,"DAEYOUNG PRECISION INDUSTRIAL CO.,LTD",2591,20191017,,,,
01390353,영진정공,YOUNG JIN CO.LTD,25113,20190814,,,,
00205571,에스아이지피오토멕,"SIGPAUTOMEK CO.,LTD",30,20190830,,,,
01403259,에스제이세일기공,"SJseilenm.co.,ltd",25112,20190920,,,,
01411090,현대그린에너지,"HYUNDAI GREEN ENERGY Co.,Ltd",46,20191010,,,,
01146947,리한필터,leehanfilter,30,20200226,,,,
01367249,일진단조공업,"ILJIN FORGING IND. CO., LTD",25912,20200218,,,,
01398726,동양정공,"DONG YANG PREXISION ENGINEERING CO.,LTD",26299,20200225,,,,
01371145,삼우오토메이션,SAMWOO AUTOMATION INC.,29169,20200220,20260413,감사보고서 (2025.12),20260413001980,
00566366,국제정공,KUKJE INDUSRIES,24312,20200220,,,,
00137605,신한전기공업,"NEW KOREA ELECTRIC CO., LTD",28112,20200206,,,,
00767132,삼동메탈,"SAMDONG METAL CO.,Ltd",2929,20200217,,,,
00974981,삼광오토모티브,SAMKWANG AUTOMOTIVE,2629,20200225,,,,
01372454,현대정밀,"Hyundae Precision Co., Ltd",25932,20200225,,,,
01101175,오토피아,-,30,20200217,,,,
01399178,영남중공업,YOUNGNAM HEAVY IND.CO.LTD,25112,20200221,,,,
01378333,거림중공업,KEORIM HEAVY LNDUSTRY,29199,20200226,,,,
01292389,영광정공,"Young Kwang Co.,Ltd",29169,20200214,20260407,감사보고서 (2025.12),20260407000638,
01333215,벽두도어,"BYUCKDOO DOOR CO., LTD.",259,20200226,20250401,감사보고서 (2024.12),20250401004169,
00891378,한국정밀,"Hanguk Precision CO.,LTD",30,20200227,,,,
01383210,강림정공,"KANGRIM PRECISION CO.,LTD.",30399,20200226,,,,
00922571,동아오토,"DONGAH AUTO CO.,LTD",30,20200227,,,,
01254398,알바오토모티브,"ALBA AUTOMOTIVE CO., LTD",30310,20200228,,,,
01235889,동하정밀,"Dongha Precision Co., LTD",26329,20200228,20260410,감사보고서 (2025.12),20260409003174,
01455298,보스톤메탈,"Boston Metal co., Ltd",46721,20200429,,,,
00929741,코리아모던메탈,"KOREA MODERN METAL CO.,LTD",30,20200413,,,,
00920625,케이엘메탈,"KLMETAL CO.,LTD",46721,20200228,,,,
01450381,연수중공업,"YEUNSOO HEAVY INDUSTRY CO.,LTD",31111,20200409,,,,
01129047,네오메탈플러스,"neometalplus. Co.,Ltd",24290,20200409,,,,
01019573,삼풍공업,"eun sung co .,ltd",30,20200228,,,,
00865391,신방일렉트로닉스,SHEENBANG ELECTRONICS,4659,20200410,,,,
00668406,신신중공업,"ShinShin Heavy Industries Co., Ltd.",31114,20200508,,,,
00521804,해원기계공업,"HAEWON MACHINERY AND ENGINEERING CO., LTD.",31114,20200512,,,,
01145081,현대텍크,"hyundaitech co,. ltd",28123,20200228,,,,
00257334,벨금속공업,"BELL METAL IND.CO.,LTD",25931,20200424,,,,
00639194,시대정공,SIDAE Precision Industrial Co. LTD,27,20200514,,,,
00491992,삼한일렉트로닉스,"SAMHAN Electronics Co.,Ltd.",2629,20200519,,,,
01028872,한국나노정밀,"KOREA NANO PRECISION CO.,LTD",29229,20200422,20260402,감사보고서 (2025.12),20260402001323,
00657215,광성공업,KWANGSUNG INDUSTRY Inc,31114,20200324,,,,
00619604,동우정공,"DONG WOO PRECISION IND. CO., LTD.",30,20200520,,,,
00811442,오토다임,AUTODIGM,30,20200227,20260417,[기재정정]감사보고서 (2025.12),20260417000672,
00609573,티씨씨메탈,TCC STEEL SERVICE CORP,25924,20200515,,,,
00870241,학산금속공업,"HAK SANMETAL CO.,LTD",24329,20200513,,,,
01452361,승진메탈,"SEUNGJIN METAL CO.,LTD.   ",46721,20200427,,,,
00185444,제일베어링공업,"JEIL BEARING IND. CO., LTD.",29141,20200513,,,,
01230185,금광중공업,"Keumgwang heavy Industries Co., Ltd.",31114,20200512,20240408,감사보고서 (2023.12),20240408002434,
01179477,아이노즈,Mobilus Automotive Inc.,26410,20200424,,,,
00678519,지팸중공업,G-PEM heavy Industrys Corp.,29,20200511,,,,
00918569,제일공업,JEIL INDUSTRY,281,20200511,,,,
01370544,신영정밀,"SHINYEONG PRECISION CO.,LTD",28121,20200226,,,,
01157040,동제정공,"DongJe Precisoion Co.,Ltd.",3020,20200228,20250414,감사보고서 (2024.12),20250414001523,
01470835,에어리퀴드글로벌일렉트로닉스머티어리얼스,Air Liquide Global Electronics Materials,46739,20200511,,,,
01405895,투데이모터스,today motores,30203,20200227,,,,
00967431,중앙기공산업,"JOONG-ANG MACHINERY INDUSTRY CO., LTD",29250,20200408,,,,
00988568,욱일정공,"wookil precision&engineering co.,ltd",30,20200417,,,,
00966159,대원중공업,DAEWON HEAVY INDUSTRIES CO.LTD,25924,20200228,,,,
00227704,도림주철관공업,"DORIM CAST IRON PIPE IND. CO., LTD",24131,20200511,,,,
00639635,혜성금속공업,"HAESUNG METAL INDUSTRY CO,.LTD",259,20200513,,,,
00766966,신현공업,"SHIN HYUN INDUSTRIES CO.,LTD",29161,20200529,,,,
00870490,화성정밀,"HWA SOUNG PRECISION CO., LTD",30,20200511,,,,
01489675,태일기공,"Taeil Engineering Co., Ltd",29199,20200714,20260401,감사보고서 (2025.12),20260401000909,
00544319,상도전기공업,"SANGDO ELECTRIC INDUSTRIAL CO.,LTD.",28512,20200909,,,,
01499645,티피에스,TOTAL PARTS SOLUTIONS,29272,20200914,,,,
00894764,대유중공업,DAEYU MANU CO.,24111,20200622,,,,
01470349,아이에스중공업,"Innoration&Smart Heavy Industry co.,Ltd",25113,20210217,,,,
01452592,현대지브이에너지,"Hyundai GV Energy Co., Ltd.",28111,20210218,,,,
01456808,덕산정밀,-,26299,20210222,20260401,감사보고서 (2025.12),20260401002822,
00962807,장자도어업그룹한국,"ZHANGZIDAO FISHERY GROUP KOREA CO.,LTD",46,20210107,,,,
00870357,명일금속공업,"MYUNG IL METAL IND.CO.,LTD.",2413,20210218,,,,
01416341,데코미공업,DECOMY INDUSTRY,33910,20200807,,,,
01498798,일성전장,"ILSUNG ELECTRICAL CO.,LTD",30,20200918,,,,
01022470,현대성형기,"HYUNDAI INJECTION MACHINERY CO., LTD.",292,20210222,,,,
01427329,현대신텍,"HYUNDAI SEEN TEC CO.,LTD",29119,20200604,,,,
01494835,한독정밀,"HAN DOK PRECISION CO.,LTD.",30310,20200907,,,,
00167013,흥국공업,"HEUNGKUK INDUSTRIES CO.,LTD",291,20200727,,,,
01465426,자동기,"KOREA AUTOMATIC MACHINERY CO.,LTD.",29241,20210222,20260410,감사보고서 (2025.12),20260410001646,
01508712,한중대영공업,Han Jung Tae Young Industry Co.Ltd,29141,20210226,20250408,감사보고서 (2024.12),20250408001886,
00926018,모토로라솔루션코리아,"Motorola Solutions Korea, Inc.",46,20210226,20240411,감사보고서 (2023.12),20240411001376,
01402719,동신오토,"DONG SHIN CO.,LTD.",30201,20210224,,,,
01383797,신창정밀,SINCHANG,30399,20210224,,,,
00605133,세진공업,"Sejin industry co., Ltd.",30,20210226,,,,
00222897,쿠퍼스탠다드오토모티브코리아,"CooperStandard Automotive Korea, Inc",30320,20210224,,,,
00970736,평화정밀,"PYUNG HWA PRECISION CO., LTD",30,20210225,,,,
01496143,경동공업,KYUNGDONG INDUSTRY,25913,20210304,,,,
01155103,동양금속공업,DONG YANG METAL KNDUSTRIAL CO.LTD,30,20210225,,,,
00669265,현대산업기계,"HYUNDAI INDUSTRIES MACHINERY Co.,LTD",25921,20210316,20260413,감사보고서 (2025.12),20260413001968,
01211180,뉴로스정밀,"Neurosprecision C.,Ltd",2922,20210226,,,,
01508794,비앤드알산업자동화,B&R Industrial Automation,46539,20210224,,,,
01103067,케이엠정밀,"KM Precision Co.,Ltd.",25924,20210225,,,,
01256615,효진기공,HYO JIN M,29299,20210302,,,,
01308547,와이즈오토홀딩스,"Wise Auto Holdings Co.Ltd.,",30201,20210423,,,,
00888620,현대무벡스,HYUNDAI MOVEX,29199,20210311,,,,
01018006,현대플렉스,Hyundai Flex,2622,20210419,,,,
01087291,동양메탈,"ORIENTAL METAL INDUSTRY CO,.LTD",24213,20210226,,,,
00443791,삼우정밀,Samwoo Precision Co.,30,20210414,,,,
01100884,풍원정공,"PUNG WON PRECISION IND.CO., LTD.",25924,20210226,20260406,감사보고서 (2025.12),20260406003681,
01412275,넥서스일렉트로닉스,"Nexus Electronics Co., Ltd.",46800,20210223,,,,
01367081,현대코어모션,"Hyundai Core Motion Co., Ltd.",29120,20210223,,,,
01465116,제이에스메탈,"J.S METAL CO.,LTD",24212,20210226,,,,
01583333,신진커넥터,Sin Jin Connectors,29120,20210901,,,,
00520407,STX중공업,"STX Heavy Industries Co.,Ltd",31114,20210506,,,,
00614876,제이아이오토모티브,"JI AUTOMOTIVE CO.,LTD.",30,20211115,,,,
01293917,드림오토,"DREAM AUTO CO.,LTD",30320,20210614,,,,
01589267,만도모빌리티솔루션즈,Mando Mobility Solutions Corporation,303,20211210,,,,
00658904,엘앤피자동차코리아,L&P Automotive (Korea) LLC (Yuhan Hoesa),30393,20210511,,,,
00351348,삼신정밀,"SAM SHIN PRECISION CO,. LTD",24312,20220214,20260331,감사보고서 (2025.12),20260331002820,
01366091,대영공업,DAEYOUNG INDUSTRY Co.Ltd.,25922,20220210,20260406,감사보고서 (2025.12),20260406003968,
00545099,태창기계공업,"TAECHANG MACHINERY IND. CO.,LTD.",292,20210503,,,,
01614943,액슬코리아,AXLE KOREA,25912,20220214,,,,
01587931,정우중공업,JUNGWOO,30201,20210929,,,,
01214062,오토텍,AUTO TEC,3033,20220210,,,,
00620062,엘케이정밀,"L.K PRECISION Co.,LTD",30,20220125,20260406,감사보고서 (2025.12),20260406003628,
01584998,케미콘일렉트로닉스코리아,"Chemi-Con Electronics Korea Co.,Ltd.",46599,20210923,20240411,감사보고서 (2023.12),20240411002057,
01233094,성일기공,"Sung-il Machinery Co., Ltd.",29142,20220209,20260402,감사보고서 (2025.12),20260402002205,
00198703,현대필터산업,"HYUN DAI FILTER CO.,LTD",33992,20220209,20260403,감사보고서 (2025.12),20260403000155,
00639307,유진기공,"YooJin Construction Co.,Ltd",2511,20220207,,,,
00533207,동성정밀엘엑스,"DONGSUNG PRECISION LATHE XRAY CO., LTD",30,20210514,20260430,연결감사보고서 (2025.12),20260430000976,
00767813,제이와이중공업,"J.Y Heavy Industries Co.,Ltd>",31114,20210513,,,,
00304997,진영공업,"JINYOUNG INDUSTRIAL CO.,LTD",30,20220217,20260331,감사보고서 (2025.12),20260331000731,
01299188,투엠모터스,"2M MOTORS CO.,LTD",30392,20220217,,,,
00287797,삼광모터스,"SAM KWANG MOTORS CO.,LTD",30,20220216,20260401,감사보고서 (2025.12),20260401004566,
01224041,빛고을중공업,BITGEUL HEAVY INDUSTRIES.CO..LTD,2511,20211018,,,,
01308389,영신에프에이,"YOUNG SHIN FACTORY AUTOMATION Co., Ltd.",46595,20220221,20260409,감사보고서 (2025.12),20260409002105,
01307201,태양자동문,sunautodoor corporation,25111,20220221,20260409,감사보고서 (2025.12),20260408003467,
00763710,신대림정밀공업,"SHINDAELIM PRECISION IND.CO.,LTD.",303,20220224,20260401,감사보고서 (2025.12),20260401000613,
00153834,태양철관공업,"TAEYANG STEEL PIPE CO., LTD.",24131,20220224,20260401,감사보고서 (2025.12),20260401004374,
00677130,씨에이메탈,C A METAL CO.LTD,24212,20220224,20260403,감사보고서 (2025.12),20260403001923,
01457843,디엔씨메탈,"DNCMETAL CO.,LTD",24211,20220224,20260414,감사보고서 (2025.12),20260414000106,
01331794,현대요트,"HYUNDAI YACHTS CO., LTD.",311,20220221,,,,
00567842,광산기공,"MINING MACHINERY CO., LTD.",29242,20220223,20260330,감사보고서 (2025.12),20260330000553,
01146451,미래오토모빌,"miraeotomobil Co.,Ltd.",29223,20220221,20260413,감사보고서 (2025.12),20260413002057,
00567125,한강메탈,"HANGANG METAL CO.,LTD",46722,20220221,20260330,감사보고서 (2025.12),20260330000131,
00915827,동연오토텍,DASCO,25921,20220224,20260406,감사보고서 (2025.12),20260406002252,
00940337,거해슈레다공업,"KEOHAE SHREDDER CO., Ltd",46791,20220224,20260413,감사보고서 (2025.12),20260413002455,
01372029,비전모터,VISION MOTOR CO.LTD,28111,20220222,20260409,감사보고서 (2025.12),20260409000150,
00688659,오토텍,"AUTO TEC CO.,LTD",292,20220222,20260408,감사보고서 (2025.12),20260408001745,
01506237,신라정밀,SHILLA CORPORATION,29142,20220221,,,,
00368870,일광공구공업,-,25924,20220221,20260401,감사보고서 (2025.12),20260401003015,
00661786,현대정밀,"Hyundai Minuteness Co., Ltd.",30,20220224,20260403,감사보고서 (2025.12),20260403000010,
01384990,엘케이모터스,LKMOTORS,30400,20220224,20260401,감사보고서 (2025.12),20260401001706,
00232201,신한철강공업,"SHIN HAN STEEL CO.,LTD",2413,20220221,20260407,감사보고서 (2025.12),20260407002080,
00248488,엘케이정밀,"LK PRECISION CO., LTD.",28520,20220221,,,,
00968351,삼영메탈,"Sam Young Metal co., ltd",24191,20220221,20260407,감사보고서 (2025.12),20260407001879,
01467284,한국유량계공업,"KOREA FLOWMETER IND.CO.,LTD",27214,20220224,20260414,[기재정정]감사보고서 (2025.12),20260414000332,
01456446,대명자동차안전유리,"Daemyung Automobile Safety Glass Co., Ltd.",46613,20220221,20260331,감사보고서 (2025.12),20260331001356,
01031104,메탈스타,"METAL STAR CO.,LTD.",24199,20220218,20260407,[기재정정]감사보고서 (2025.12),20260407002503,
00615617,제일정공,"JAEIL FINE MACHINERY MFG.CO.,LTD",29111,20220221,20260407,감사보고서 (2025.12),20260407000864,
01306433,정진정공,"JeongJin Prescision Co., Ltd.",30331,20220221,,,,
00567444,유진금속공업,"YUJIN NONFERROUS METAL CO., LTD.",30,20220224,20260313,감사보고서 (2025.12),20260313000040,
01086955,세화정밀공업,"SEHWA PRECISION co.,ltd",303,20220224,20260402,감사보고서 (2025.12),20260402002063,
00251066,삼화비철공업,SAMHWA NON - FERROUS METAL,24229,20220224,20260327,감사보고서 (2025.12),20260327000728,
01457861,대한중공업,Daehan Heavy Industry ,29241,20220221,20260401,감사보고서 (2025.12),20260401001301,
00242961,삼우금속공업,"Samwoo Metal Co., Ltd.",25922,20220224,20260403,감사보고서 (2025.12),20260403000163,
00666541,민메탈스코리아,"MINMETALS KOREA CO.,LTD.",46,20220225,20260409,감사보고서 (2025.12),20260409003133,
00125594,삼명기계공업,sammyung machine ind.co,30,20220225,20250402,감사보고서 (2024.12),20250402000676,
00959247,진송메탈,JINSONG METAL CORPORATION,46721,20220225,20260410,감사보고서 (2025.12),20260410003308,
00895426,부산메탈상사,(ju)busanmetarsangsa,46791,20220225,,,,
00765365,이케이중공업,"EK Heavy Industries Co,. Ltd",29169,20220225,,,,
00919814,기린정밀공업,"KIRIN PRECISEON CO.,LTD",25914,20220228,20260427,연결감사보고서 (2025.12),20260427000153,
01556393,현대에너텍,"HYUNDAI ENERTEC Co.,Ltd.",29210,20220225,,,,
00813422,세신정밀,"SAESHIN PRECISION CO., LTD.",27191,20220225,20260408,감사보고서 (2025.12),20260408002269,
01074400,신성메탈,-,24219,20220225,20250415,감사보고서 (2024.12),20250415000130,
00961321,솔베이스페셜티폴리머스코리아,Solvay Specialty Polymers Korea Company Ltd. ,467,20220228,20260331,감사보고서 (2025.12),20260331000641,
01244610,브이피에이치씨,"VALEO PYEONGHWA AUTOMOTIVE COMPONENTS Co.,Ltd.",259,20220221,20260403,감사보고서 (2025.12),20260403000819,
00985303,오양기공,"oyangkikong co.,ltd",28111,20220225,20260428,연결감사보고서 (2025.12),20260428000112,
00965266,국제통신공업,KUK JE ELECTRIC,289,20220225,20260408,감사보고서 (2025.12),20260408002567,
01080809,현대모터산업,Hydai Motor San Up,28111,20220225,20260410,감사보고서 (2025.12),20260410003259,
00247841,동아전기부품,"DONG AH ELECTRIC COMPONENTS CO.,LTD",30,20220225,20260430,연결감사보고서 (2025.12),20260430000997,
00622848,삼지금속공업,"SAMJI METAL IND. CO., LTD",24213,20220225,20260401,감사보고서 (2025.12),20260401001263,
01465569,브이피에이치메탈,Valeo Pyeong Hwa Metals,30331,20220221,20260403,감사보고서 (2025.12),20260403003332,
01305531,선진정공,"Sun jin Air & Tech.Co.,Ltd",29299,20220225,20260330,[기재정정]감사보고서 (2025.12),20260330001295,
01091577,삼정공업,SAMJUNG Industry Corporation,30,20220225,20260402,감사보고서 (2025.12),20260402001461,
01386712,디오토모티브,"Dautomotive Co., LTD.",30331,20220225,20260402,감사보고서 (2025.12),20260402003720,
00532183,창신정밀,"Chang Sin technologize co., Ltd",2922,20220225,20240408,감사보고서 (2023.12),20240408003791,
00479097,경희정공,gyung hee ,24212,20220225,20260413,감사보고서 (2025.12),20260413002506,
01469750,한성중공업,"HANSUNG HEAVY INDUSTRIAL CO.,LTD.",28111,20220225,20260407,감사보고서 (2025.12),20260407000143,
00919276,대흥정밀,"DAE HEUNG PRECISION CO.,LTD",2629,20220225,20260401,감사보고서 (2025.12),20260401002027,
01018538,신흥밸브공업,"SHIN HEUNG VALVE INDUSTRY CO., LTD.",29133,20220225,20260413,감사보고서 (2025.12),20260413002334,
00814449,한양화스너공업,HAN YANG FASTENER,46622,20220225,20260331,감사보고서 (2025.12),20260331004449,
01560518,성신전기공업,"SUNGSHIN ELECTRIC CO.,LTD.",28119,20220225,20260406,감사보고서 (2025.12),20260406001136,
01152489,대영금속공업,"DAEYOUNG METAL INDUSTRIES CO.,LTD",24312,20220225,20260407,감사보고서 (2025.12),20260407003210,
01176036,캠프투,CAMP2Co.Ltd,33920,20220225,20260401,감사보고서 (2025.12),20260401004823,
00571775,태성공업,TAESUNG INDUSTRIAL CO.LTD,29210,20220225,20260401,감사보고서 (2025.12),20260401004853,
01144189,협진정공,HYEOP JIN PRECISION Co. Ltd.,27,20220225,20260402,감사보고서 (2025.12),20260402003606,
00922605,태진중공업,"TAEJIN HEAVY INDUSTRY CO.,LTD.",2511,20220225,20260408,감사보고서 (2025.12),20260408000791,
00216638,동광정밀,"dongkwang precisicon co., ltd",26310,20220225,20260429,연결감사보고서 (2025.12),20260429000909,
00446220,캠스,"CAMS CO.,LTD",30,20220225,20260409,감사보고서 (2025.12),20260409000347,
01242746,진선정밀,Jinseon co. Ltd,30399,20220225,20260410,감사보고서 (2025.12),20260410003565,
00669469,일광폴리머,"IL KWANG POLYMER CO.,LTD",46733,20220228,20260406,감사보고서 (2025.12),20260406002735,
00581082,태원전장,"TAEWON.CO., LTD",30,20220225,20260430,연결감사보고서 (2025.12),20260430001857,
01022638,일신오토클레이브,"ILSHIN AUTOCLAVE CO.,LTD.",291,20220228,20260427,연결감사보고서 (2025.12),20260427000536,
01227048,아남중공업,anam corp.,28111,20220225,20260406,감사보고서 (2025.12),20260406002315,
00925480,에스엠메탈,"S.M METAL Co., Ltd.",243,20220225,20260406,감사보고서 (2025.12),20260406002386,
00689524,조양정밀공업,CHOYANG  PRECISION,30,20220225,20260406,감사보고서 (2025.12),20260406002085,
01557657,드래곤모터스,"Dragon Motors CO.,LTD.",30201,20220225,20240823,감사보고서 (2023.12),20240823000103,
00755313,영신기전공업,"YOUNG-SHIN COMPONENTS.,LTD.",3012,20220225,20260410,감사보고서 (2025.12),20260410000658,
01020436,상진정밀,"SANGJIN PRECISION CO., LTD.",30,20220225,20260401,감사보고서 (2025.12),20260401004014,
01283336,천일정밀,CHUN IL PRECISION CO.LTE,25999,20220228,20260406,감사보고서 (2025.12),20260406002982,
00232371,태형금속공업,"TAE HYONG IRON CASTIND GO.,LTD.",24312,20220228,20260402,감사보고서 (2025.12),20260402001046,
01360705,신생금속공업,"SHIN SAENG METAL IND CO.,LTD",28121,20220224,20260401,감사보고서 (2025.12),20260401001869,
00832065,중원기계공업,"Choongwon Machinary Industrial co., Ldt.",303,20220228,20260430,연결감사보고서 (2025.12),20260430001564,
01286458,진양정밀,"JINYANG PRECISION STEEL Co., Ltd",25999,20220228,20260409,감사보고서 (2025.12),20260409002761,
00852397,경인정밀기계,"KYUNG-IN PRECISION MACHINERY CO.,LTD.",29142,20220225,20260409,감사보고서 (2025.12),20260409001410,
00485733,한국메탈아산공장,"HANKUKMETAL ASAN CO., LTD.",30,20220225,20260403,감사보고서 (2025.12),20260403002159,
01147539,메탈코리아,"MetalKorea Co., Ltd",46791,20220228,,,,
00597825,오성정밀화학,"O-SUNG SPECIALTIES CO., LTD.",46739,20220224,20260407,감사보고서 (2025.12),20260407002626,
00450977,대영정공,DYJG,30121,20220224,20260430,감사보고서 (2025.12),20260430001071,
00566931,현대알비,HYUNDAI RB CO.LTD,2413,20220224,20260409,감사보고서 (2025.12),20260409003057,
01310597,대창공업,"Daechang industry co.,LTD.",25932,20220224,20260410,감사보고서 (2025.12),20260410001717,
00146199,일성기계공업,IL SUNG MACHINERY,29269,20220225,20260408,감사보고서 (2025.12),20260408002799,
00200239,신세계음향공업,"SHINSEGAE SOUND IND.CO.LTD,",26,20220225,20260413,감사보고서 (2025.12),20260413002734,
01433153,삼진정밀,"Samjin Precision Co.,Ltd.",29120,20220225,20260410,감사보고서 (2025.12),20260410002215,
00960155,제이에이치화학공업,"JH Chemical Industry. Co.,Ltd",28202,20220225,20260326,감사보고서 (2025.12),20260326000411,
01409101,정공이산,JUNGGONGEISAN,46699,20220225,20260410,감사보고서 (2025.12),20260410003274,
01302279,태진정밀,"TAEJIN PRECISIONCO.,LTD",30310,20220228,20260409,감사보고서 (2025.12),20260409002549,
00806440,신한주철공업,-,24312,20220225,20260413,감사보고서 (2025.12),20260413002995,
01101971,현대유압,"Hyundai Hydraulic Co.,LTD.",29120,20220225,20260409,감사보고서 (2025.12),20260409002048,
00666152,현대프로스,HYUNDAI PROS CO. LTD,24199,20220225,,,,
01434675,보성메탈,BOSUNG METAL,46791,20220221,20260403,감사보고서 (2025.12),20260403000045,
01409633,에스엠메탈,smmetal,24222,20220225,20240621,감사보고서 (2023.12),20240621000713,
00916792,동진정공,-,30,20220225,20260313,감사보고서 (2025.12),20260313000304,
00112572,대진동관공업,"DAEJINCOPPERPIPE&TUBE MANUFACTURING CO.,LTD",24221,20220225,20260410,감사보고서 (2025.12),20260410001678,
00147745,정우금속공업,"Jung Woo Metal Ind. Co., Ltd.",29132,20220225,20260401,감사보고서 (2025.12),20260401002867,
00535658,가나안전자정밀,"CANAAN ELECTRONICS CO,. LTD",2629,20220224,20260401,감사보고서 (2025.12),20260401001753,
00816960,대륜중공업,"DAE RYUN HEAVY INDUSTRIES.CO.,LTD",31114,20220228,20260413,감사보고서 (2025.12),20260413002760,
01216583,대하정공,DAEHA.LTD,2511,20220223,,,,
01376399,창성정공,"CHANGSUNG PRECISION.CO.,LTD.",28119,20220223,20260410,감사보고서 (2025.12),20260410002757,
00656650,원진일렉트로닉스,ONEGENE ELECTRONICS INC.,2629,20220224,20260407,감사보고서 (2025.12),20260407002745,
00576558,정공산업,"JUNG-GONG IND. CO., LTD",33999,20220224,20260402,감사보고서 (2025.12),20260402002626,
00663906,동성중공업,"DONGSUNG Heavy Industries Co.,Ltd.",31201,20220224,20240408,감사보고서 (2023.12),20240408002607,
00303387,대흥정공,"DAE HEUNG PRECISION IND'L CO., LTD",30,20220228,20260407,감사보고서 (2025.12),20260407003346,
00415220,세현정공,-,30,20220224,20260410,감사보고서 (2025.12),20260410001321,
00208727,티에스오토모티브,"TS Automotive Co., Ltd.",30,20220228,20260407,감사보고서 (2025.12),20260407000497,
01434453,미래중공업,"MIRAE SHIPYARD CO,. LTD.",31111,20220218,20260403,감사보고서 (2025.12),20260403000812,
01470233,신흥기공,"Shinheung Co.,Ltd.",25924,20220223,20260403,감사보고서 (2025.12),20260403000039,
00169349,부국철강공업,BOOKUK STEEL INDUSTRIAL CO. LTD,24121,20220228,20260410,감사보고서 (2025.12),20260410001622,
00592699,미원정밀공업,"Miwon precision Co.,Ltd.",30,20220228,,,,
01036242,한라정공,HALLA PRECISION INDUSTRIAL CO.,30,20220217,20260428,연결감사보고서 (2025.12),20260428000482,
00420082,범양금속공업,"BUMYANG METAL CO., LTD.",24221,20220224,20260403,감사보고서 (2025.12),20260403002205,
00399728,동아전장, ,30,20220224,20260430,연결감사보고서 (2025.12),20260430000882,
00890810,오토젠,"Hanil Industrial Co.,Ltd",30,20220218,20260401,감사보고서 (2025.12),20260401001773,
00527446,신한정공,"SHINHAN PRECISION IND. CO., LTD.",30,20220224,20260403,감사보고서 (2025.12),20260403001782,
00449449,부국정밀,"bukookprecision CO., LTD",2591,20220223,20260409,감사보고서 (2025.12),20260409001195,
00408789,현대호이스트,HYUNDAI HOIST CO..LTD,29169,20220223,20260402,감사보고서 (2025.12),20260402003461,
00874469,만호폴리머,Manho Polymers,4673,20220223,20260331,감사보고서 (2025.12),20260331000815,
00578404,세양정공,"SEYANG PRECISION IND CO., LTD",29223,20220223,20260327,감사보고서 (2025.12),20260327001279,
01167180,금강중공업,"KUMKANG Heavy Industry Co., Ltd.",3111,20220224,20260414,감사보고서 (2025.12),20260414002532,
00168924,동미전기공업,"DONGMI ELECTRIC ING.CO.,LTD",28112,20220228,20260408,감사보고서 (2025.12),20260408002285,
00408008,영진에스피공업,"YoungJin Special Packing Co., Ltd",25991,20220223,20260401,감사보고서 (2025.12),20260401005056,
00372509,일광메탈포밍,ilkwangsteel.co.ltd,291,20220223,20260406,감사보고서 (2025.12),20260406004272,
00126159,삼성공업,"SAM SUNG IND CO., LTD",25912,20220224,20260408,감사보고서 (2025.12),20260408003343,
01025255,신한오토텍,"Shinhan Autotech Co., Ltd",30,20220222,,,,
00971328,태안오토텍,"taeanautotech.co,.ltd",303,20220225,20240408,감사보고서 (2023.12),20240408000663,
01457241,지엔에이치오토텍,"GnH AutoTech Co,. Ltd.",30399,20220223,,,,
00671279,에이테크오토모티브,"A-TECH AUTOMOTIVE CO.,LTD.",30310,20220223,20260430,연결감사보고서 (2025.12),20260430000598,
01039692,대호정밀,"DAEHO PRECISION IND.CO.,LTD",30,20220228,20250408,감사보고서 (2024.12),20250408001165,
00811071,쌍용전장,ssangyong ele co.ltd,2890,20220224,20260403,감사보고서 (2025.12),20260403002978,
00691307,동성정공,"DONG SUNG PRECISION INDUSTRY CO., LTD.",31114,20220218,20260401,감사보고서 (2025.12),20260401002710,
01549001,신광메탈,ShinKwang Metal Co.Ltd,46791,20220223,20260413,감사보고서 (2025.12),20260413002300,
01017195,드림오토테크,DREAM AUTO TECH,30,20220225,20260408,감사보고서 (2025.12),20260408002389,
01219757,인성기공,"IN SUNG ENGINEERING CO., LTD.",291,20220218,20260407,감사보고서 (2025.12),20260407001138,
00489669,형제기계공업,hyungje machine co.ltd,291,20220228,20260402,감사보고서 (2025.12),20260402003173,
00640437,상신정공,SANG SIN PRECISION,30,20220228,,,,
00870135,세진정공,"SEJIN PRECISION&IND.CO.,LTD.",30,20220222,20260402,감사보고서 (2025.12),20260402000602,
00495138,서울기계공업,SEOUL MACHINERY  ,291,20220223,20260401,감사보고서 (2025.12),20260401001629,
01026096,모아캠,"Morechem Co.,Ltd.",46739,20220223,20260407,감사보고서 (2025.12),20260407002235,
00834559,태산기계공업,"TAE SAN MACHANARY IND. CO., LTD",29210,20220225,20260410,감사보고서 (2025.12),20260410000530,
00659028,협동정공,"Hyupdong Precision Co.,Ltd.",29133,20220223,20240408,감사보고서 (2023.12),20240408002506,
01152805,청화정밀,CHEONG HWA IND.,30,20220224,,,,
01460157,우진전장,"WOOJIN ELECTRIC CO.,Ltd",28909,20220222,20260401,감사보고서 (2025.12),20260401004147,
01220203,유성정밀공업,"YU SUNG PRECISION IND.CO.,LTD.",2591,20220228,20260408,감사보고서 (2025.12),20260408000027,
00258935,거상정공,"GHUSANG PRECISION CO., LTD.",2591,20220228,20250331,감사보고서 (2024.12),20250331001989,
01359435,에스모터스,s-motors ,30201,20220228,20240509,감사보고서 (2023.12),20240509000439,
00414823,대진볼트공업,"DAI JIN BOLT IND.CO.,LTD",259,20220228,20260406,감사보고서 (2025.12),20260406000981,
00766294,금호정공,"KUMHO JUNG KONG CO,.LTD",30,20220228,20260402,감사보고서 (2025.12),20260402002022,
01150746,와이비메탈,YB METAL CO.LTD,25923,20220228,20260402,감사보고서 (2025.12),20260402003464,
00972406,유선기어,"YUSUNGEAR CO.,LTD.",29142,20220222,20260401,감사보고서 (2025.12),20260401002104,
01360343,산동금속공업,"Sandong Metal Industry Co.,Ltd.",24131,20220228,20260428,연결감사보고서 (2025.12),20260428000553,
01100343,현대산전,"HYUNDAI SAN JEON CO., LTD.",4659,20220228,20240611,감사보고서 (2023.12),20240611000572,
00521424,새한공업,"SAehan industrial co, ltd",30,20220222,20250402,감사보고서 (2024.12),20250402000723,
01570515,현대인프라솔루션,"HYUNDAI INFRA SOLUTIONS CO., LTD.",29169,20220217,,,,
00871000,디케이모터스,"DKMOTORS CO.,LTD",30,20220228,20260407,감사보고서 (2025.12),20260407001174,
00162382,한양정밀,"HANYANG PRECISION CO., LTD.",30,20220228,20260407,감사보고서 (2025.12),20260407002915,
00242615,기성전선공업,"KISEONG ELECTRIC WIRE CO.,LTD.",28302,20220228,20260410,감사보고서 (2025.12),20260410001112,
01391848,에이스정공,ACE Precision Co,25113,20220228,20260414,감사보고서 (2025.12),20260414002359,
01175675,태광공업,TAE KWANG INDUSTRY CO,29210,20220228,20260407,감사보고서 (2025.12),20260407001507,
00236632,건화공업,"kun hwa industries co., ltd",31114,20220228,20260408,감사보고서 (2025.12),20260408000344,
01284487,삼정보일러공업,"SAM JUNG BOILER.CO.,LTD.",25121,20220228,20260407,감사보고서 (2025.12),20260407000697,
01137286,신진로기계공업,"SHINJIN FURNACE MACHINARY CO.,LTD",291,20220228,20260402,감사보고서 (2025.12),20260402002187,
01546457,콘탱고메탈,Contango Metals Corp.,46722,20220228,20260406,감사보고서 (2025.12),20260406003917,
01173747,유너모터스,"UNIVERSE MOTORSE CO., LTD",30203,20220228,20260410,감사보고서 (2025.12),20260410000496,
01086007,동남정공,"DONG NAM PRECISION CO.,LTD",30,20220228,20260414,감사보고서 (2025.12),20260414001915,
00625960,현대하이텍,HYUNDAI HITEC Co.ltd,30320,20220228,20260403,감사보고서 (2025.12),20260403002222,
00483319,세진공업,"SEJIN INDUSTRY CO., LTD",2629,20220228,20260403,감사보고서 (2025.12),20260403003503,
00137447,신한다이아몬드공업,"SHINHAN DIAMOND INDUSTRIAL CO., LTD.",25912,20220228,20260410,감사보고서 (2025.12),20260410001611,
00233583,신흥기공,shin heung automotive.co.ltd,30,20220228,20260408,감사보고서 (2025.12),20260408000975,
00808907,세기정밀,"SEA-KI PRECISION CO.,LTD.",2629,20220228,20260410,감사보고서 (2025.12),20260410003479,
00874760,유성오토모티브,"YUSUNG AUTOMOTIVE Co.,Ltd",30,20220228,20260409,감사보고서 (2025.12),20260409002973,
01020180,더스코와이어,"DUSCOWIRE CO.,LED.",24123,20220228,20260406,감사보고서 (2025.12),20260406002003,
01251823,현대지게차경인판매,"Hyundai Forklift Distribution Co., Ltd",46532,20220223,20260409,감사보고서 (2025.12),20260409001250,
00161338,한맥중공업,"HAN MAEK HEAVY IND CO.,LTD",25119,20220224,20260430,연결감사보고서 (2025.12),20260430000471,
00525101,중앙후렌지공업,"jung ang flange co.,ltd",2413,20220225,20260331,감사보고서 (2025.12),20260331001120,
01227251,한영정공,"hanyoung precision Co.,Ltd",2511,20220228,20260408,감사보고서 (2025.12),20260408000541,
01071564,대창모터스,"DAECHANG MOTORS CO.,LTD",3199,20220223,20260506,감사보고서 (2025.12),20260506000014,
00927132,메탈로코팅스코리아,METALOR COATINGS KOREA CORPORATION,46739,20220228,,,,
01530298,풍원정공,"POONGWON PRECISION CO.,LTD.",30320,20220228,20260410,감사보고서 (2025.12),20260410001900,
00181192,삼환종합기계공업,"Samwhan Machinery Co., Ltd.",2511,20220222,20260401,감사보고서 (2025.12),20260401002648,
01304259,한영금속공업,"HANYEONG METAL IND.CO,.LTD.",24311,20220228,20260409,감사보고서 (2025.12),20260409002229,
00920148,문성공업,"MUN SEONG INDUSTRY CO.,LTD",31114,20220228,20260403,감사보고서 (2025.12),20260403000181,
01207354,동양체인공업,"DONGYANGCHAIN IND. CO., LTD",29142,20220228,20260410,감사보고서 (2025.12),20260410001320,
00964197,코리아메탈,"koreametal co.,ltd",25912,20220223,20260430,감사보고서 (2025.12),20260430000414,
00487281,동림공업,"DONGLIM INOUSTRIAL CO.,LTD.",31114,20220228,20260406,감사보고서 (2025.12),20260406001994,
00371795,대신정공,"daeshin precision co., ltd",29210,20220228,20260407,감사보고서 (2025.12),20260407001897,
00923473,엠에스정밀,MS PRECISION.CO.LTD,30,20220222,20250414,감사보고서 (2024.12),20250414001213,
01087556,동광명품도어,"Dongkwang Imperial Door co., LTD",25111,20220217,20260320,감사보고서 (2025.12),20260320000107,
01562561,태양세이프도어,sunsafedoor,25111,20220221,20260409,감사보고서 (2025.12),20260408003461,
00249113,진흥주물,"JINHEUNG FOUNDRY CO., LTD.",24311,20220228,20260406,감사보고서 (2025.12),20260406001267,
00960012,대동정밀,"DAE DONG PRECISION Co.,Ltd",30,20220228,20260407,감사보고서 (2025.12),20260407000250,
01136490,화인특장,"FINE MOTORS CO.,LTD",3020,20220228,20260401,감사보고서 (2025.12),20260401004235,
01659584,삼정오토메이션,SAMJEONG AUTOMATION,26299,20220510,20260406,감사보고서 (2025.12),20260406001897,
00764843,영신공업,"YOUNGSHIN INDUSTRY CO., LTD.",25913,20220913,20260403,감사보고서 (2025.12),20260403000660,
01694453,웅전공업,"WOONG JUN IND.Co.,Ltd.",30331,20221019,,,,
00874672,캠포에버코리아,"CAMFOREVER KOREA CO.,LTD",46413,20220228,20260316,감사보고서 (2025.12),20260316000629,
01152957,중화정밀,"Junghwa. Precison co.,Ltd",29171,20220829,,,,
00127866,삼익전자공업,"SAMIK ELECTRONICS IND,CO.,LTD",26,20220817,20251010,감사보고서 (2025.06),20251010000172,
00916011,서한엔티엔베어링,Seohan NTN Bearing co.ltd,2914,20221019,20260421,감사보고서 (2025.12),20260421000118,
01641965,삼부정공,SAMBU Precision,29162,20220509,,,,
01647534,한성기공,"HANSEONG PLANT ENGINEERING CO.,LTD",25122,20220502,20260407,감사보고서 (2025.12),20260407002083,
00785457,태승정공,TAESEUNG,25924,20220513,20240412,감사보고서 (2023.12),20240412002078,
00674221,태평양에어콘트롤공업,"PACIFIC AIR CONTROLS CO.,LTD",25924,20220526,20250620,감사보고서 (2025.03),20250620000455,
01574195,도요타쯔우쇼넥스티일렉트로닉스코리아,TOYOTA TSUSHO NEXTY ELECTRONICS KOREA CORPORATION,46109,20220526,20250627,감사보고서 (2025.03),20250627000435,
00494315,신성컨트롤,"SHINSUNG CONTROL CO., LTD.",25112,20220228,20260327,감사보고서 (2025.12),20260327000443,
01307609,우리공업,"woori industry co.,ltd",24312,20220509,20260413,감사보고서 (2025.12),20260413001842,
00959937,둔차오토모티브,DUNCHA AUTOMOTIVE,30110,20220314,20260407,[기재정정]감사보고서 (2025.12),20260407002744,
00942751,선산철강공업,SUN SAN STEEL INDUSTRY,25112,20220923,20251010,연결감사보고서 (2025.06),20251010000323,
00369204,레스타일렉트로닉스코리아,RESTAR ELECTRONICS KOREA CORPORATION,46595,20220729,20250701,감사보고서 (2025.03),20250701000065,
01496958,현대세신,"HYUNDAI SESHIN CO.,LTD.",30201,20220923,20260403,감사보고서 (2025.12),20260403002967,
01682023,보원메탈,"BOWON METAL  CO.,LTD.",25941,20220906,20260402,감사보고서 (2025.12),20260402002304,
01688461,디엠메탈,"DM metal co., ltd.",46791,20220926,20260406,감사보고서 (2025.12),20260406002911,
01640045,피지메탈,"PG METAL Co., Ltd.",28202,20220907,20260414,감사보고서 (2025.12),20260414001533,
00914989,삼양금속공업,"SAMYANG METAL IND. CO., LTD.",31114,20220228,20260410,감사보고서 (2025.12),20260410003269,
00960881,제이에스오토모티브,"JS AUTOMOTIVE CO.,LTD",28301,20220228,20260429,연결감사보고서 (2025.12),20260429000622,
01386369,대웅전기공업,DAEWOONG ELECTRIC,28123,20220510,20260408,감사보고서 (2025.12),20260408001656,
00256618,동양야금공업,"DONG YANG METALLURGIC IND.CO.,LTD.",2411,20220411,20250324,감사보고서 (2024.12),20250324000242,
00699691,오토스테크,"OTOS TECH.CO.,LTD",33,20220812,20251013,감사보고서 (2025.06),20251013000093,
01630677,현대특수강,HYUNDAI SPECIAL STEEL PIPE,24132,20220511,,,,
01314830,동진공업,"DONGJIN CO.,LTD.",25999,20220418,20260402,감사보고서 (2025.12),20260402002755,
01635016,씨엠중공업,"CM Heavy Industry Co., Ltd.",25113,20220513,20250408,감사보고서 (2024.12),20250408000356,
00919683,에이스정밀,"ACE PRECISION CO., LTD",292,20220325,20260409,감사보고서 (2025.12),20260409000546,
00199942,대일공업,"Daeil Induststry Co.,Ltd",30,20220310,20260406,감사보고서 (2025.12),20260406001999,
00670933,대상중공업,"Daesang Heavy Industries Co., Ltd",31114,20220726,20250704,감사보고서 (2025.03),20250704000267,
01018495,현대기계산업,"HYUNDAE MACHINERY INDUSTRIAL CO.,LTD",25924,20220512,20260410,감사보고서 (2025.12),20260410000483,
00525305,대영기계공업,"DAE YOUNG MACHINERY IND.CO.,LTD",30399,20220413,20260319,감사보고서 (2025.12),20260319000322,
01228940,국일도어테크,"Kookil door tech co.,LTD",25111,20220406,20260331,감사보고서 (2025.12),20260331001470,
00917436,교세라에이브이엑스컴포넌트군포,"KYOCERA AVX Components Gunpo Co., Ltd.",26422,20220713,20250725,연결감사보고서 (2025.03),20250725000808,
00337056,도시바일렉트로닉스코리아,TOSHIBA ELECTRONICS KOREA CORP.,4659,20220713,20250711,감사보고서 (2025.03),20250711000239,
01166118,세기정공,segijunggong,259,20220504,20240411,감사보고서 (2023.12),20240411002029,
01376724,한일공업,"HANIL INDUSTRY CO.,LTD.",29210,20220325,,,,
01297287,현대중장비,hyundai heavy equipment,4610,20220714,20240405,감사보고서 (2023.12),20240405003889,
00248257,아주야마이찌전기공업,ASIA YANAICHI ELECTRONICS INC.,2629,20220525,20240704,감사보고서 (2024.03),20240704000082,
00893482,대일정공,DAEIL PRECISION CO.,30,20220413,20260408,감사보고서 (2025.12),20260408000028,
00140195,교세라커넥터프로덕츠코리아,KYOCERA Connector Products Korea Co. Ltd.,2629,20220523,20250602,감사보고서 (2025.03),20250602001028,
01526587,헤드코메탈스코리아,Hadco Metals Korea LLC,24290,20220520,20260414,감사보고서 (2025.12),20260414001799,
01289570,우리엠오토모티브,"Woory M Automotive Co., Ltd.",30399,20220623,,,,
01632860,화성금속공업,"HWASUNG METAL CO.,LTD",24211,20220513,20260407,감사보고서 (2025.12),20260407001694,
01634424,만보중공업,"Manbo Heavy Industries Co., Ltd.",25113,20220422,20260331,감사보고서 (2025.12),20260331000361,
01654242,에이치아이피일렉트로닉스,"HIP ELECTRONICS CO.,LTD",26221,20220712,20240412,감사보고서 (2023.12),20240412001236,
00640923,세광정밀,sekwang jungmil,3011,20220824,20250403,감사보고서 (2024.12),20250403002028,
01222557,세진공업,"SEJIN INDUSTRY CO.,LTD.",29172,20220519,20260403,감사보고서 (2025.12),20260403000756,
00623403,옥동공업,"ockdong industrial co.,ltd",24222,20220712,20260410,감사보고서 (2025.12),20260410000746,
00835220,테크메탈,"TECH METAL CO., LTD",24312,20220712,20260414,감사보고서 (2025.12),20260414000546,
00443029,남성정밀,"NAMSUNG PRECISION CO.,LTD.",25912,20220824,20260413,감사보고서 (2025.12),20260413001858,
01396083,오토스윙,"OTOS WING CO.,LTD.",29299,20220518,20250708,감사보고서 (2025.03),20250708000068,
00337171,아름일렉트로닉스,"ARUM Electronics Co.,Ltd.",2622,20220614,20260403,감사보고서 (2025.12),20260403001152,
01653748,혜인정밀,HYEIN PRECISION,29199,20220712,20260414,감사보고서 (2025.12),20260414000279,
01543584,인트라정공,"INTRA PRECISION MANUFACTURE CO.,LTD.",29111,20220824,20260413,감사보고서 (2025.12),20260413001902,
00862899,상아정공,"Sang-A Precision Co.,Ltd.",2629,20220228,20260403,감사보고서 (2025.12),20260403002998,
00368542,코스와이어,"KOSWIRE CO., LTD.",24290,20220712,20260430,연결감사보고서 (2025.12),20260430000537,
01630297,한우기공,HAN WOO KI GONG,29241,20220414,20240409,감사보고서 (2023.12),20240409001189,
01626522,에스비기어,"SBGear CO, Ltd",46,20220425,20260429,연결감사보고서 (2025.12),20260429001054,
01016442,현대밸브,"HYUNDAE VALVES CO.,LTD",29133,20220228,20260406,감사보고서 (2025.12),20260406004415,
00455866,벤다선광공업,"BENDA SUNKWANG IND.CO.,KR",30,20220715,20260331,감사보고서 (2025.12),20260331002747,
00657862,성진정밀,"SEONG JIN ENGINEERING CO., LTD",2591,20220228,20260430,연결감사보고서 (2025.12),20260430000823,
01326394,고려필터,"Korea Filter Co.,Ltd",29199,20220826,,,,
00837811,반석모터스,BANSEUK MOTORS,30,20220302,20260408,감사보고서 (2025.12),20260408001301,
00677608,미주공업,"Mijoo Industry Co.,Ltd.",30,20220404,,,,
01221372,해동기계공업,HAEDONG MACHINERY ,30,20220406,,,,
01305319,한영정밀,"HAN YEONG PRECISION Co., Ltd",25924,20220426,20260409,감사보고서 (2025.12),20260409000202,
00226990,한국와이퍼,Korea Wiper Blade,2591,20220714,,,,
00260541,한국교세라정공,KYOCERA PRECISION TOOLS KOREA,25934,20220525,20250616,감사보고서 (2025.03),20250616000094,
00670702,충무정밀,"Choongmoo Precision co., Ltd",26429,20220302,20260409,감사보고서 (2025.12),20260409002780,
01413256,조양메탈,"JOYANG METALS CO.,LTD.",46721,20220302,20260410,감사보고서 (2025.12),20260410003126,
01243301,오므론전자부품,"OMRON ELECTRONIC COMPONTENTS CO,.LTD",46521,20220527,20250701,감사보고서 (2025.03),20250701000303,
01536511,부영일렉트로닉스,"Booyoung Electronics.,LTD",26224,20220712,20260402,감사보고서 (2025.12),20260402001869,
00496085,에스엠알효상,SMR Hyosang Automotive Ltd.,30,20220526,20250711,감사보고서 (2025.03),20250711000050,
00668929,성일하이메탈,sungeelhimetal.co.ltd,24290,20220228,20260317,감사보고서 (2025.12),20260317000404,
01358214,대호기어,"DAEHOGEAR CO,LTD.",29142,20220228,20260414,감사보고서 (2025.12),20260414001517,
01683563,다우정밀,"DAOU PRECISION CO., LTD.",30310,20220902,20260403,감사보고서 (2025.12),20260403001570,
01106426,두산에이치에프컨트롤스아시아,"Doosan HFC Asia Co.,Ltd",28123,20220511,,,,
00886905,현대스텐레스철강,"HYUNDAI STAINLES STEEL Co., Ltd",46621,20220228,20260417,감사보고서 (2025.12),20260417000126,
01680399,현대미디어에이스,hyundaimediace co. ltd,26519,20220906,20260402,감사보고서 (2025.12),20260402002352,
01658424,범한자동차,Bumhan mobility CO.,30121,20220511,20260408,감사보고서 (2025.12),20260408001318,
01466416,조광정밀,CHOKWANG MACHINE CO LTD,25924,20220411,,,,
01539776,유니캠프,UNICAMP,30121,20220228,20240415,감사보고서 (2023.12),20240415001202,
00586582,한성정밀공업,Han-Sung bar company,29229,20220913,,,,
01047178,삼금공업,"SAMKUM INDUSTRIAL CO., LTD",30,20220822,,,,
01635186,불리온메탈거래소,"Bullionmetal Exchange Co.,Ltd.",46462,20220822,,,,
01652934,인텍오토메이션,INTECH AUTOMATION Inc.,27216,20220512,20260408,감사보고서 (2025.12),20260408000277,
01634150,아라메탈,ARA METAL,46791,20220419,,,,
00609999,하남중공업,-,25929,20220228,20260331,감사보고서 (2025.12),20260331004179,
00830784,현대머티리얼,HYUNDAI MATERIALS CORPORATION,46721,20220331,20260427,연결감사보고서 (2025.12),20260427000085,
00655615,삼우전자정밀,"SAM WOO ELECTRONICS CO.,LTD",2629,20220228,20260429,[기재정정]감사보고서 (2025.12),20260429000325,
01358384,현대씨즈올,HYUNDAI SEASALL Co. LTD.,29111,20220228,20260401,감사보고서 (2025.12),20260401001834,
01653641,디에이치오토메이션,DH AUTOMATION,46539,20220511,20260410,감사보고서 (2025.12),20260410003440,
01022683,예성기공,"YEASUNG PRECISION CO.,LTD.",30,20220228,20260407,감사보고서 (2025.12),20260407003336,
01297986,노벨오토모티브코리아,"Nobel Automotive Korea Co,.Ltd",30399,20220228,20260409,감사보고서 (2025.12),20260409003113,
01659371,조일금속공업,JOILFOUNDRY,24311,20220511,20240405,감사보고서 (2023.12),20240405003574,
01227738,화신금속공업,HWASHIN METAL IND CO.LTD,25933,20220511,20260414,감사보고서 (2025.12),20260414000042,
00369277,동국제관공업,DONG KOOK STEEL DRUM,25991,20220712,20260413,감사보고서 (2025.12),20260413000102,
00676900,씨에이오토,"CAAUTO CO.,LTD",24222,20220228,20260410,감사보고서 (2025.12),20260410003496,
01624199,현대공조,"Hyundai Climate Control Cp,. Ltd",30399,20220411,20260402,감사보고서 (2025.12),20260402003414,
01651652,신한메탈,"SHINHAN METAL.. CO., LTD.",46492,20220513,20260408,감사보고서 (2025.12),20260408002700,
01643714,프라임메탈,PRIME METAL CORPORATION ,46,20220513,20250407,감사보고서 (2024.12),20250407004195,
01674015,신에이메탈코리아,"SHIN-EI METAL KOREA Co.,ltd",46791,20220712,,,,
01153682,현대글로벌모터스,HYUNDAI GLOBAL MOTORS,30201,20220412,,,,
00407151,국일정공,KUKIL PRECISION CO. LTD,292,20220228,20260430,감사보고서 (2025.12),20260430001008,
00813282,모건알루미늄공업,MOKUN Aluminium,24222,20230215,20260317,감사보고서 (2025.12),20260317000330,
00592529,동양정공,-,30,20230221,20260401,감사보고서 (2025.12),20260401004111,
01541629,제이케이메탈소재,"JK Metal Resource Co., Ltd.",24222,20230202,20250403,감사보고서 (2024.12),20250403001078,
01252248,은빛메탈,"SILVER METAL CO.,LTD",24222,20230215,20260402,감사보고서 (2025.12),20260401005119,
00608422,한국체인모터,"HAN KOOK CHAIN MOTOR CO.,LTD",46599,20230221,20260406,감사보고서 (2025.12),20260406002042,
00764056,신화정공,"SHINHWA PRECISION & ENGINEERING CO., LTD",25921,20221130,20260430,연결감사보고서 (2025.12),20260430001154,
00973654,유정정공,"Yujeong Precision Co.,Ltd.",30,20230116,20260401,감사보고서 (2025.12),20260401002152,
01592304,현대아이에스씨,HYUNDAI ISC COMPANY,24111,20230215,20260401,감사보고서 (2025.12),20260401001487,
00568902,동오정밀,"DONG OH PRECISION CO., LTD",2629,20230221,20260402,감사보고서 (2025.12),20260402003317,
01541212,대림오토,DAERIM AUTO,30399,20230221,20260406,감사보고서 (2025.12),20260406001103,
00109772,DL모터스,"DL Motors Co.,Ltd.",30331,20230221,20260330,감사보고서 (2025.12),20260330001594,
00821236,기수정밀,"Ki Soo Precision Co., Ltd.",303,20230221,20260407,감사보고서 (2025.12),20260407001042,
01082135,디에스메탈,-,24311,20230118,20260413,감사보고서 (2025.12),20260413001753,
01628380,남원정공,nam won eng,29271,20230221,20260401,감사보고서 (2025.12),20260401002760,
00408619,동진모타공업,"Dongjin Motor Ind.co.,Ltd",28111,20230221,20260402,감사보고서 (2025.12),20260402003238,
01151745,서진정공,"SEO JIN Precision CO., LTD.",29241,20230112,20260407,감사보고서 (2025.12),20260407003275,
00416195,엠알인프라오토,"MR InfraAuto Co.,Ltd.",30,20230221,20260420,연결감사보고서 (2025.12),20260420000227,
01140095,진일공업,"JINIL co.,ltd.",30,20230216,20260413,감사보고서 (2025.12),20260413001242,
00486653,새솔다이아몬드공업,"SAESOL Diamond Ind. Co., Ltd",25933,20230221,20260403,감사보고서 (2025.12),20260403000334,
00598657,씨와이오토텍,CY Autotech Co.Ltd,30,20230119,20260403,감사보고서 (2025.12),20260403002439,
00530732,안성공업,"ansung industrial.co.,ltd",29210,20230120,20260429,연결감사보고서 (2025.12),20260429000766,
01588833,브이디엠메탈즈코리아,"VDM Metals Korea Co., Ltd.",24290,20230221,20260402,감사보고서 (2025.12),20260402000654,
01231810,태화정밀공업,TAEHWA PRECISION IND CO LTD,2591,20230127,20260331,감사보고서 (2025.12),20260331001888,
00624183,대한정밀공업,"Daehan Precision Industry Co.,Ltd",259,20230127,20260331,감사보고서 (2025.12),20260331001779,
01015595,오성전장,"OhSung-em Co., Ltd ",28303,20221125,20260410,감사보고서 (2025.12),20260410001226,
00562023,조일공업,JOIL INDUSTRIAL CO.LTD,30,20230221,20260403,감사보고서 (2025.12),20260403000007,
00874414,하나하이메탈,"HANA HIGH METAL CO.,LTD",46721,20230220,20260407,감사보고서 (2025.12),20260407001251,
01478633,씨메탈,C-METAL.Ltd,46791,20230221,20260413,감사보고서 (2025.12),20260410003742,
00816119,캠퍼스라인,"Camfursline Co., LTD.",32091,20230221,20260330,감사보고서 (2025.12),20260330000666,
00412223,금성정공,"KEUMSUNG CO.,LTD",30399,20230201,20260408,감사보고서 (2025.12),20260408001496,
00859664,현대아반시스,Avancisk Korea Inc.,28909,20230201,20260410,감사보고서 (2025.12),20260410000689,
00840383,유성정밀,YOU SUNG,2599,20230220,20260331,감사보고서 (2025.12),20260331001989,
01020038,오토윈,Auto-win.co.Ltd,29272,20230221,20240409,감사보고서 (2023.12),20240409001406,
01549445,해성오토모티브,HAESUNG AUTOMOTIVE,25913,20230221,20260408,감사보고서 (2025.12),20260408001123,
00668372,현대밋숀,"HYUNDAI MISSION CO.,LTD",3012,20230221,20260330,감사보고서 (2025.12),20260330000377,
01680371,디씨이메탈,DCE METAL Inc.,26299,20230203,20260309,감사보고서 (2025.12),20260309001177,
01031326,도어텍,door tech,30,20230221,20260401,감사보고서 (2025.12),20260401000891,
00641667,건양공업,"Keonyang CO.,LTD",3020,20230221,20260403,감사보고서 (2025.12),20260403000488,
01293148,센시리온오토모티브솔루션즈코리아,"Sensirion Automotive Solutions Korea Co,.Ltd.",30399,20230203,20260402,감사보고서 (2025.12),20260402003320,
01227154,평화메탈,"PYOUNGHWA METAL CO., Ltd",24222,20230214,20260409,감사보고서 (2025.12),20260409000610,
01456048,성지기공,SUNG JI MACHINERY INDUSTRY,25122,20230214,20260407,감사보고서 (2025.12),20260407002073,
00197874,대림정밀공업,"DAE RIM PRECISION CO.,LTD",29133,20230215,20260421,연결감사보고서 (2025.12),20260421000130,
01217546,제인모터스,ZEIN Motors,30121,20230216,20260406,감사보고서 (2025.12),20260403003897,
01292149,현대엘앤티,HYUNDAL L.N.T CO.ltd,30399,20230220,20260410,감사보고서 (2025.12),20260410002283,
00816456,대동철강공업,"Daedongdoor.Co.,LTD",2411,20230221,20260331,감사보고서 (2025.12),20260331003418,
00486042,화창기공,"hwachang steel & works co., ltd.",2419,20221028,,,,
00666170,에스비정공,"SB PRECISION CO.,LTD.",30,20230215,20260406,감사보고서 (2025.12),20260406003921,
00568294,동양다이캐스팅,dongyangdiecasting,24321,20230215,20260407,감사보고서 (2025.12),20260407000449,
00661148,암페놀대신전자정밀,"Amphenol DaeShin Elec-Prec Co., Ltd",2812,20230220,20260401,감사보고서 (2025.12),20260401004403,
01367009,대화기공,"Daehwa Machinery Co.,Ltd.",29142,20230221,20260403,감사보고서 (2025.12),20260403001003,
01138902,한성전장,"HAN SUNG ELECTRIC EQUIPMENT CO.,LTD",30,20230213,20260319,감사보고서 (2025.12),20260319001311,
01028924,메디센서,Medisensor.Inc,27199,20230221,20260414,감사보고서 (2025.12),20260414001218,
01696044,성진정밀,SUNG JIN,262,20221028,20250402,감사보고서 (2024.12),20250402000606,
01020287,삼흥정공,"SAM HEUNG PRECISION CO.,LTD",31322,20230215,20260402,감사보고서 (2025.12),20260402000546,
00938846,대지정공,"DAEJI PRECISION & INDUSTRIES CO.,LTD",3020,20230217,20260407,감사보고서 (2025.12),20260407001204,
00512781,브룩스오토메이션아시아,"Brooks Automation Asia, Ltd.",29271,20230221,20260403,감사보고서 (2025.12),20260403001971,
01074233,현대이엔티,"Hyundai E&T Co., Ltd",28123,20230215,20260410,감사보고서 (2025.12),20260410002974,
00923057,원광기계공업,"WONKWANG MACHINERY IND.CO.,LTD.",30,20230215,20260408,감사보고서 (2025.12),20260408000429,
00769510,지성중공업,"JISUNG HEAVY INDUSTRIES CO., LTD",29241,20230217,20260331,감사보고서 (2025.12),20260331002009,
00811956,세원공업,"SE-WON INDUSTRIAL CO., LTD.",31114,20230220,20260409,감사보고서 (2025.12),20260409000793,
01131501,혜성정밀,"HYE SUNG PRECISION CO.,LTD.",30,20230221,20260401,감사보고서 (2025.12),20260401004866,
01679728,해민중공업,"HAEMIN HEAVY INDUSTRIES CO.,LTD",31113,20221031,,,,
00804725,광성정밀,KWANG SUNG Corp.,2591,20230221,20260407,감사보고서 (2025.12),20260407000438,
00865063,로얄정공,"Royal Precision Industry Co.,Ltd",291,20230221,20260323,감사보고서 (2025.12),20260323000200,
01690411,캠핑고래,CAMPING GORAE,46109,20230221,20241204,감사보고서 (2023.12),20241204000191,
00959645,세계정밀,"SEGAE PRECISION CO.,LTD",29210,20230220,20260402,감사보고서 (2025.12),20260402002070,
00983624,조일공업,"JOIL INDUSTRY.CO., LTD.",24311,20230215,20260409,감사보고서 (2025.12),20260409001906,
01024025,동인전기공업,"DONG IN ELECTRIC IND.CO.,LTD.",30,20230217,20260327,감사보고서 (2025.12),20260327001389,
00497181,일우정밀,"ILWOO PRECISION CO., LTD.",30,20230221,20260414,감사보고서 (2025.12),20260414000607,
00140575,영남주물공업,"Young Nam Iron Casting Co., Ltd",24311,20230221,20260326,감사보고서 (2025.12),20260326000257,
00449689,한진전자공업,"Hanjin Electronics Industrial Co.,Ltd",30,20230119,20260330,감사보고서 (2025.12),20260330000592,
01224926,부영금속공업,"BUYOUNG MERAL Co.,Ltd.",25932,20230215,20260331,감사보고서 (2025.12),20260331000205,
00215453,대륙프랜지공업,"DAERYUK FLANGE IND.CO.,LTD",29132,20230221,20260414,감사보고서 (2025.12),20260414000629,
00769033,캐터필라정밀씰,Caterpillar Precision Seals Korea,24229,20230221,20260409,감사보고서 (2025.12),20260409001231,
01579613,포스코에이치와이클린메탈,POSCO HY CLEAN METAL,24219,20230221,20260330,감사보고서 (2025.12),20260330000534,
01632073,현대스프링,HYUNDAISPRING,25913,20230221,20260331,감사보고서 (2025.12),20260331002045,
00530334,광일기공,kwang il ki kong,30,20230221,20260331,감사보고서 (2025.12),20260331001798,
00232380,팔미금속공업,"Palmi Metal Industry co.,Ltd.",24312,20230217,20260403,감사보고서 (2025.12),20260403001537,
00564474,종합정밀,"jonghap precision co., LTD",29111,20230126,20260303,감사보고서 (2025.12),20260303002151,
01252336,현대메디팜,HYUNDAI MEDIPHARM,464,20230126,20260413,감사보고서 (2025.12),20260413000706,
00534057,알테크노메탈,"ALTECHNO METAL CO.,LTD",24212,20230216,20260429,연결감사보고서 (2025.12),20260429001034,
00819781,중원알루미늄공업,"JUNGWON AL.IND.CO.,LTD.",24222,20230216,20260402,감사보고서 (2025.12),20260402000990,
01310074,현대산업,"Hyundae Industrial Co., Ltd",30399,20230214,20260407,감사보고서 (2025.12),20260407001532,
01464205,지이씨일렉트로닉스,GREEN ELECTRONICS COMPANY,46595,20230216,20260406,감사보고서 (2025.12),20260406004227,
01084328,현대기업,"HyunDae Enterprise Co., LTD",30,20230217,20260402,감사보고서 (2025.12),20260402001795,
00481047,영폴리머,"YOUNGPOLYMER CO., LTD.",30,20230105,20260407,감사보고서 (2025.12),20260407002490,
00763932,디앤에이중공업,"D and A Heavy Industries CO.,Ltd",2919,20230213,20260402,감사보고서 (2025.12),20260402001169,
01214372,한국정밀,"HAN KOOK PRECISION CO., LTD",301,20230214,20260410,감사보고서 (2025.12),20260410001442,
00531236,하스오토메이션코리아,HAAS AUTOMATION KOREA CO. LTD,4610,20230131,20260410,감사보고서 (2025.12),20260410002084,
00604806,득인기공,"DUKIN INDUSTRIES CO., LTD",29120,20230109,20260413,감사보고서 (2025.12),20260413001587,
00675354,텔릿와이어리스솔루션즈,"Telit Wireless Solutions Co., Ltd",26429,20230214,20260410,감사보고서 (2025.12),20260410002186,
01221178,동서메탈,"DONGSEOMETAL Co.,Ltd",29229,20230217,20260401,감사보고서 (2025.12),20260401002800,
00234980,제일전자공업,"Cheil Electric Co., Ltd.",30,20230209,20260401,감사보고서 (2025.12),20260401001930,
00481588,범천정밀,"BUMCHUN PRECISION CO., LTD.",26529,20221201,20260424,연결감사보고서 (2025.12),20260424000149,
01630969,태광도어,TAEKWANGDOOR,25111,20230216,20260401,감사보고서 (2025.12),20260401001738,
00985260,세진밸브공업,sejin valve ind.co.ltd,29133,20230216,20260327,감사보고서 (2025.12),20260327000576,
01336179,현대중공업파워시스템,"Hyundai Heavy Industries Power Systems Co., LTD.",29119,20230215,20260330,연결감사보고서 (2025.12),20260330000162,
01209936,두양정공,"DOOYANG CO.,LTD.",30,20230217,20260403,감사보고서 (2025.12),20260403000250,
00957133,이피텍,"Electron Parts Technology Co.,Ltd.",2629,20230217,20260430,연결감사보고서 (2025.12),20260430000867,
00957106,신양정밀,"SHIN YANG PRECISION CO.,LTD",259,20230217,20260413,감사보고서 (2025.12),20260413000407,
00621450,엠에이텍,"Myung Sung Auto Tech Co,.ltd",30,20230209,20260331,감사보고서 (2025.12),20260331001780,
01464047,우진메탈,"Woojin Metal Co.,Ltd.",46721,20230217,20260413,감사보고서 (2025.12),20260413001081,
00454502,대기공업,"DAEGI INDUSTRIAL Co.,LTD.",31114,20230216,20260403,감사보고서 (2025.12),20260403002980,
00451064,광성강관공업,"KWANG SUNG STEE PIPE CO., LTD",24122,20230215,20260401,감사보고서 (2025.12),20260401001465,
01543636,청룡메탈,CHEONG RYONG METAL,4679,20230213,20260402,감사보고서 (2025.12),20260402000394,
00668938,우주공업사,"Wooju industry co., ltd",29,20230213,20260410,감사보고서 (2025.12),20260410002342,
00244987,태화정공,"TPI,Inc",30,20230217,20260420,연결감사보고서 (2025.12),20260420000243,
00406532,푸른중공업,"GREEN SHIPBUILDING & HEAVY INDUSTRIES CO.,LTD.",3111,20230112,,,,
00926434,동양메탈공업,"Dong yang metal co,ltd.",24199,20230217,20260410,감사보고서 (2025.12),20260410001036,
00195238,오토젠,AutoGen.co.Ltd,30,20230217,20260406,연결감사보고서 (2025.12),20260406000396,
00618687,일광메탈,"IL KWANG METALWORKS CO.,LTD",24229,20221031,20260410,감사보고서 (2025.12),20260410001422,
00220792,신생공업,"Shin Seng Industrial Co., Ltd.",24113,20230116,20260407,감사보고서 (2025.12),20260407002961,
00973362,원창메탈,WONCHANG METAL,25912,20230217,20250324,감사보고서 (2024.12),20250324000054,
01629981,현대유니파이프,"HYUNDAI UNIPIPE CO.,LTD.",24132,20230217,20240208,감사보고서 (2023.12),20240208000899,
01645305,아스포메탈,"ASPOMETAL CO., LTD",46721,20230217,20250404,감사보고서 (2024.12),20250404001997,
01386767,대한오토텍,"DAEHAN AUTO TECH CO., LTD",30110,20230217,20260401,감사보고서 (2025.12),20260401003657,
00867715,케이피엘밸브공업,"Korea Pipe Line Valve Industry Co.,Ltd",29133,20230215,20260410,감사보고서 (2025.12),20260409003198,
00144988,유창금속공업,"YOO CHANG METAL INDUSTRIAL CO.,LTD.",24290,20221228,20260424,[기재정정]감사보고서 (2025.12),20260424000177,
00586500,미래메탈테크,"MIRAE METAL TECH CO.,LTD",30,20230210,20260406,감사보고서 (2025.12),20260406001809,
01468548,동명정공,DONGMYUNG PRECISION INDUSTRY,30320,20230217,20260414,감사보고서 (2025.12),20260414000753,
01213504,남선철강공업,NAMSEONCHEOLGANG(JU),2511,20230217,20260413,감사보고서 (2025.12),20260413000902,
00967291,부국정공,"Bukuk Precision Industries Co.,Ltd",30,20230217,20260402,감사보고서 (2025.12),20260402001933,
00977809,효명정공,HYOMYUNG CORP,25924,20230210,20260326,감사보고서 (2025.12),20260326000350,
00656784,평안정공,"PYOUNG-AN PRECISION INDUSTRIAL CO.,LTD.",303,20230213,20260407,감사보고서 (2025.12),20260407000493,
00665171,조은공업,"J ONEINDUSTRY CO.,LTD",3033,20230213,20260402,감사보고서 (2025.12),20260402000563,
01253113,스카이웍스필터솔루션즈코리아,"skyworks Filter Solutions Korea, Inc.",26111,20221102,20260108,감사보고서 (2025.09),20260108000096,
00878155,삼성정공,"SAMSUNG PRECISION IND. CO., LTD.",29133,20230216,20260331,감사보고서 (2025.12),20260331001501,
01364622,청우중공업,"CheongWoo Heavy Industry Co.,Ltd.",25113,20230217,20260402,감사보고서 (2025.12),20260402000209,
01211092,대신정공,"Daeshin Precision Co.,Ltd",2591,20230131,20260331,감사보고서 (2025.12),20260331001455,
01681079,오션메탈,"oceanmetal co., ltd",46721,20230220,,,,
00448796,선진정공,"SUNJIN INPRECISION CO.,LTD",291,20221104,20260406,감사보고서 (2025.12),20260406002171,
00965707,기광정밀,"KIGWANG PRESION CO.,LTD",29133,20230210,20260406,감사보고서 (2025.12),20260406002442,
00489298,코웰정밀,"kowel precision co., ltd.",29132,20230216,20260409,감사보고서 (2025.12),20260409001084,
01463224,소우메탈,"So-U metal Co.,Ltd.",46791,20230213,20240402,감사보고서 (2023.12),20240402002184,
01162079,강토중공업,"kangto heavy industries co.,ltd.",29,20221219,,,,
00610986,우진정밀,"WOOJIN PRECISION CO.,LTD",30,20230208,20260403,감사보고서 (2025.12),20260403002543,
01696965,대성정밀,Daesung Precision.co.ltd,30310,20230217,20260406,감사보고서 (2025.12),20260406002924,
00811567,대동정공,dae dong precision co.ltd,29272,20230216,20260401,감사보고서 (2025.12),20260401003371,
00178514,동보체인공업,"DONG BO CHAIN IND.CO.,LTD",29142,20230216,20260429,연결감사보고서 (2025.12),20260429000951,
00627427,덕광중공업, ,31114,20221222,20250707,감사보고서 (2025.03),20250707000183,
00415497,세화금속공업,"SAEHWA METAL IND Co.,LTD",24311,20230210,20260406,[기재정정]감사보고서 (2025.12),20260406001128,
01073003,제이케이중공업,jk heavy industry,24191,20230217,20260323,감사보고서 (2025.12),20260323000630,
01010475,리노정밀,"LEENO PRECISION CO,.LTD",26224,20230217,20260409,감사보고서 (2025.12),20260409000931,
00875839,서강정밀,"segong Co., Ltd",30,20230217,20260331,감사보고서 (2025.12),20260331002385,
00924250,거양공업,"GEOYANG INDUSTRIAL CO., LTD",25924,20230217,20250402,감사보고서 (2024.12),20250402000991,
00924533,정아정밀,"JUNG-A PRECISION CO., LTD",30,20230217,20260331,감사보고서 (2025.12),20260331000948,
00766188,대성메탈,DAE SUNG MATAL,24199,20230217,20260331,감사보고서 (2025.12),20260331000850,
00564182,율천정밀,"YULCHEON PRECISION CO.,LTD",30399,20230112,20260331,감사보고서 (2025.12),20260331003433,
00970921,신한메탈,"SHINHANMETAL CO.,LTD",2599,20230216,20260406,감사보고서 (2025.12),20260406003874,
00639565,성신공업,"SUNG SIN INDUSTRIES CO., LTD.",29161,20230214,20260407,[기재정정]감사보고서 (2025.12),20260407002732,
00917126,범우정밀,BUMWOO ,30,20230217,20260406,감사보고서 (2025.12),20260406001427,
00819213,대성기계공업,"DAESUNG MACHINERY CO., LTD",28111,20230102,20260401,감사보고서 (2025.12),20260401000899,
01653854,공업사스토어,Bodyshopstore.Inc.,46691,20230104,20260331,감사보고서 (2025.12),20260331001829,
01650565,부흥정밀,"BUHEUNG Precision Co., Ltd.",30310,20230217,,,,
00207205,성남전기공업,"SUNG NAM ELECTRICS CO.,LTD",2629,20221130,20260330,연결감사보고서 (2025.12),20260330000832,
00943103,동아전기공업,Dong-A electric company,2812,20230222,20260409,감사보고서 (2025.12),20260409000129,
00158255,한국신동공업,"KOREA SINTO CO., LTD.",29221,20230223,20260317,감사보고서 (2025.12),20260317000339,
00246116,효동기계공업,"HYODONG MACHINE CO .,LTD",29223,20230223,20251001,감사보고서 (2025.06),20251001000121,
00983466,대오정공,"DAE O PRECISION INDUSTRY CO.,LTD.",29169,20230222,20260402,감사보고서 (2025.12),20260402003329,
00678777,삼성정밀,SAMSUNG PRICSION.CO.LTD,30,20230222,20260406,감사보고서 (2025.12),20260406000415,
00571872,현대피팅,"HYUN DAE FITTING CO.,LTD",2413,20230222,20260413,감사보고서 (2025.12),20260413001624,
00526614,태성정밀,"TAESUNG PRECISION CO., LTD",24329,20230222,20260406,감사보고서 (2025.12),20260406004508,
00159999,한국콘베어공업,"KOREA CONVEYOR.CO.,LTD",29161,20230222,20260324,감사보고서 (2025.12),20260324000184,
00933276,대일정공,"DAEIL PRECISION INDUSTRY CO., LTD.",30,20230223,20260413,감사보고서 (2025.12),20260413001256,
00920643,용마일렉트로닉스,"YONG MA Electronics Co.,Ltd",46521,20230222,20260403,감사보고서 (2025.12),20260403000527,
00766319,신우중공업,"shinwoo machinery & electricity co., ltd.",29131,20230125,20260330,감사보고서 (2025.12),20260330000599,
01679472,현대철강,hyundaisteel,46721,20230130,20250408,감사보고서 (2024.12),20250408000613,
00187743,한국특수메탈공업,"HAN KOOK SPECIAL METAL IND.CO.,LTD",30,20230209,20260408,감사보고서 (2025.12),20260408002621,
00219352,현대아이에이치엘,HYUNDAI IHL CORPORATION,30,20230209,20260331,감사보고서 (2025.12),20260331000515,
00665728,금강메탈,"Kum Kang Metal co., Ltd",25912,20230221,20260410,감사보고서 (2025.12),20260410000650,
00915711,동해공업,"DONGHAE INDUSTRIAL CO.,LTD.",29172,20230221,20260331,감사보고서 (2025.12),20260331001714,
00520656,현대기업,"HYUNDAE CO., LTD",25111,20230222,20260408,감사보고서 (2025.12),20260408000398,
01037667,함안중공업,"HAMAN HEAVY INDUSTRIOUS CO.,LTD",25929,20230223,20260331,감사보고서 (2025.12),20260331000824,
01242409,한국오노약품공업,ONO PHARMA KOREA,46441,20221214,20250707,감사보고서 (2025.03),20250707000050,
01295067,위너스오토메이션,"Winners Automation Co., Ltd",28123,20230222,20260401,감사보고서 (2025.12),20260401002083,
01155307,우양정공,"WOO YANG PRECISION & IND.CO.,LTD.",291,20230222,20260401,감사보고서 (2025.12),20260401004878,
01012792,우성오토콘,WOOSUNG AUTO CON. COM,2916,20230222,20260401,감사보고서 (2025.12),20260401002179,
00481117,신우메탈코리아,"SHINWOO METAL KOREA Co.,Ltd.",467,20230222,20260401,감사보고서 (2025.12),20260401001016,
01297296,현대드림모터스,HDDM,25913,20230201,20260406,감사보고서 (2025.12),20260406001380,
01023239,현준정밀,"HYUN JUN PRECISION CO.,LTD",2591,20230214,20260410,감사보고서 (2025.12),20260410003032,
00963532,신한정밀,Shin han precision co.ltd,30,20230222,20260410,감사보고서 (2025.12),20260410001405,
00578024,경일정밀,KYOUNGIL LDE,29180,20230222,20260413,연결감사보고서 (2025.12),20260413001243,
00916835,현성정밀기계,"HYEONSUNG PRECISION MACHINERY Co.,Ltd.",29271,20230222,20260403,감사보고서 (2025.12),20260403003194,
00927123,부흥정밀,-,3320,20230222,20260403,감사보고서 (2025.12),20260403000557,
01076082,용성에프에이,"yong sung  factory automatic co,.ltd",28123,20230214,20260401,감사보고서 (2025.12),20260401002264,
00447618,서한공업,suhhan industry. Co.Ltd,2511,20230222,20260409,감사보고서 (2025.12),20260409001615,
00238241,유호전기공업,"youho electric ind co.,ltd.",28123,20230222,20260408,감사보고서 (2025.12),20260408002489,
00171380,한국로스트왁스공업,"Korea Lost-Wax Int.Co.,Ltd.",24329,20230222,20260407,감사보고서 (2025.12),20260407002263,
00970684,우리메탈,"WOORIMETALS CO.,LTD",24121,20230214,20260408,감사보고서 (2025.12),20260408001852,
01718179,시노펙스바이오필터,"SYNOPEX BIO FILTER CO.,LTD",27213,20230221,20260401,감사보고서 (2025.12),20260401002801,
00568434,삼미정공,"SAMMIPRECISION&IND.CO.,LTD",292,20230222,20260403,감사보고서 (2025.12),20260403000886,
01080979,정도정밀,"JEONG DO PRECISION CO., LTD",30,20230213,20260406,감사보고서 (2025.12),20260406003401,
00998200,현대위아터보,HYUNDAI WIA TURBO CORPORATION,3031,20230213,,,,
01304286,오토테크,"AUTO TECH.CO.,LTD",30391,20230222,20260407,감사보고서 (2025.12),20260407000575,
00569901,현대티엠씨,"Hyundai Technology Machinery CO., LTD.",29,20230222,20260401,감사보고서 (2025.12),20260401001807,
00576178,동은정공,"DONG EUN INSTRUMENTS CO.,LTD",2812,20230222,20260407,감사보고서 (2025.12),20260407001921,
00884518,신성오토모티브,"SHINSUNG Automotive CO., LTD",30,20230222,20260331,감사보고서 (2025.12),20260331003982,
00145677,이화다이아몬드공업,"EHWA DIAMOND INDUSTRIAL CO., LTD.",25934,20221212,20260331,연결감사보고서 (2025.12),20260331002816,
01647297,유성정밀,"YOUSUNG MACHINERY CO.,LTD",29,20230208,20260331,감사보고서 (2025.12),20260331003150,
01353866,피닉슨컨트롤스,Phoenixon Controls Inc.,28121,20230222,20260408,감사보고서 (2025.12),20260408001150,
00962241,태성정밀,TAESUNG PRECISION CO.LTD,2599,20230222,20260331,감사보고서 (2025.12),20260331000081,
00220136,세양폴리머,"SEYANG POLYMER CO., LTD.",46739,20230213,20260430,연결감사보고서 (2025.12),20260430001136,
00761615,동남중공업,"DONGNAM HEAVY INDUSTRY DO,.LTD",24123,20230222,20260407,감사보고서 (2025.12),20260407002843,
01496550,한영정공,"HAN YOUNG PRECISION INDUSTRY CO.,LTD",25924,20230222,20260403,감사보고서 (2025.12),20260403001524,
00442190,홍성브레이크,"HONGSUNG BRAKE CO., LTD",30,20230222,20260407,감사보고서 (2025.12),20260407001756,
01627983,조은메탈앤트레이드,ZOEUN METAL&TRADE,2592,20230222,20260401,감사보고서 (2025.12),20260401001836,
00418403,삼풍전선공업,"sampoong electric wire co., ltd",28302,20230220,20260413,감사보고서 (2025.12),20260413002140,
00243076,후성정공,"FOOSUNG PRECISION IND. CO., LTD.",30,20230222,20260413,연결감사보고서 (2025.12),20260413002450,
01141793,삼창주철공업,"SAM CHANG FOUNDRY CO.,LTD",24311,20230222,20260410,감사보고서 (2025.12),20260410001011,
00768326,현대이엔지건설,"Hyundae Engineer Co.,Ltd",25,20230223,20260401,감사보고서 (2025.12),20260401004295,
00164797,현대종합금속,"HYUNDAI WELDING CO., LTD",2599,20230223,20260413,연결감사보고서 (2025.12),20260413001635,
00657127,대흥공업,"DAE HEUNG IND. CO., LTD",25912,20230222,20260402,감사보고서 (2025.12),20260402001779,
01368363,율천공업,"Yul Cheon Industry Co.,Ltd",29210,20230222,20260403,감사보고서 (2025.12),20260403001072,
01648108,에스파츠,"S-PARTS.CO.,LTD",46595,20230222,,,,
01697034,신한중공업,"SHINHAN HEAVY Industries Co.,Ltd",31114,20221108,20260331,감사보고서 (2025.12),20260331003667,
01294554,신성일렉트로닉스,"ALLNET ELECTRONICS CO.,LTD.",26224,20230222,20240329,감사보고서 (2023.12),20240329002498,
01653359,광명메탈,"Gwangmyeong Metal Co., Ltd",24229,20230223,20240408,감사보고서 (2023.12),20240408001382,
00113313,대한주물공업,"daehan cast iron ind. co., ltd",24131,20230223,20260407,감사보고서 (2025.12),20260407001615,
00611471,성우오토텍,SUNGWOO AUTO TECH,30,20230222,20260403,감사보고서 (2025.12),20260403001486,
00482930,광진정밀,"KWANGJIN PRECISION CO., LTD",2922,20230220,20260331,감사보고서 (2025.12),20260331000287,
00765745,메가플랙슨공업,"MEGAFLEXON CO.,LTD",2512,20230220,20260402,감사보고서 (2025.12),20260402000331,
01073933,한일정밀주조,"HANIL INVESTMENT CASTING CO.,LTD",24312,20221103,20260414,감사보고서 (2025.12),20260414001280,
00199818,태주공업,"TAEJOO MFG CO.,LTD.",2511,20230222,20260330,감사보고서 (2025.12),20260330000222,
00570077,금영정공,"Kumyong precision ind.Co.,Ltd.",30,20230201,20260413,감사보고서 (2025.12),20260413001080,
01208450,현대휀스개발,"hyundaifence.co.,ltd",25944,20230213,20260410,감사보고서 (2025.12),20260410002433,
00629197,삼우합금공업,-,24212,20230213,20260331,감사보고서 (2025.12),20260331000587,
01386129,케이원모터스,K-1 MOTORS,3020,20230222,20260401,감사보고서 (2025.12),20260401000641,
00821449,케이더블유뉴클리어콤포넌트,"KW Nuclear Components Co., Ltd",28,20230222,20260401,감사보고서 (2025.12),20260401000488,
00613938,대한메탈,"DAEHAN METAL CO., LTD",30,20230222,20260429,연결감사보고서 (2025.12),20260429000066,
01474770,대동전장,"Daedong Electronics Co., Ltd. ",29111,20230220,20240409,감사보고서 (2023.12),20240409000910,
01279485,심팩주물,"SIMPAC FOUNDRY CO.,LTD.",24311,20230222,20240403,감사보고서 (2023.12),20240403003505,
01553402,강운공업,"KANGWOON INDUSTRY CO.,LTD.",29299,20230208,20260406,감사보고서 (2025.12),20260406003868,
01054840,제다하네스,"ZDA Harness co., ltd",30,20230222,20260330,감사보고서 (2025.12),20260327001837,
00576202,한일정밀,"HANIL PRECISION Co.,Ltd",30,20230222,20260403,감사보고서 (2025.12),20260403001410,
01688063,대부메탈,Daeboo metal.,46791,20230222,20260318,감사보고서 (2025.12),20260318000306,
00562281,아이에스오토,ISAUTO,30,20230223,20260401,감사보고서 (2025.12),20260401002689,
00250368,신화정밀,"Shin Hwa Precision Co., Ltd",30,20230208,20260430,연결감사보고서 (2025.12),20260430000101,
00682965,건우메탈,"KEONWOO METALS CO.,LTD.",46721,20230223,20260428,연결감사보고서 (2025.12),20260428000574,
00141972,오토닉스,AUTONICS CORPORATION,2629,20221129,20260430,연결감사보고서 (2025.12),20260430001508,
00865920,한국정밀공업,"HANHOOK PRECISION IND. CO., LTD",259,20230222,20260403,감사보고서 (2025.12),20260403000477,
00591308,보현메탈,bohyunmetal co.ltd,24321,20230222,20260410,감사보고서 (2025.12),20260410002908,
01635821,북성공업,"BOOKSUNG INDUSTRY CO.,LTD.",29210,20230223,20260406,감사보고서 (2025.12),20260406000039,
01376335,고려금속공업,"Korea Metal industry Co., Ltd",24290,20230220,20260409,감사보고서 (2025.12),20260409000792,
00570271,동양기계공업,"DONG YANG MACHINERY INDUSTRIAL CO., LTD.",291,20230222,20260403,감사보고서 (2025.12),20260403001493,
01027536,동인중공업,MSB CORPORATION,259,20230214,20260402,감사보고서 (2025.12),20260402000791,
00139375,안전공업,"ANJUN INDUSTRIAL CO., LTD.",30,20230214,20260406,감사보고서 (2025.12),20260406001228,
01060665,신영공업,Shin Young,2512,20230214,20260401,감사보고서 (2025.12),20260401003718,
00663951,태정기공,"TAE JUNG TECHNICAL MFG CO., LTD.",30,20230220,20260331,감사보고서 (2025.12),20260331003460,
01025097,에이스메탈,ACE METAL INC.,46722,20230222,20260401,감사보고서 (2025.12),20260401000643,
00676399,한국유켄공업,"YUKEN KOREA CO., LTD",46,20230214,20260320,감사보고서 (2025.12),20260320000314,
00162425,한양철강공업,"HANYANG STEEL IND.CO.,LTD",2419,20230214,20260402,감사보고서 (2025.12),20260402002753,
00845281,대전기계공업,Daijeon Machinery,28111,20221121,20260112,감사보고서 (2025.09),20260109000720,
01026759,현대기전,Hyundai Electric & Machinary,4659,20230220,20260402,감사보고서 (2025.12),20260402003907,
00372484,서울금속공업,"SEOUL METALS INDUSTRIAL CO., LTD",24221,20230220,20260402,감사보고서 (2025.12),20260402000347,
01695346,호재메탈,Hojaemetal,46791,20221024,20260309,감사보고서 (2025.12),20260309001454,
01218679,맥슨모터매뉴팩처링,MAXON MOTOR MANUFACTURING,28111,20230220,20260310,감사보고서 (2025.12),20260310002259,
00364759,신진정공,"SHIN-JIN PRECISION INDUSTRIAL CO.,LTD",29133,20230220,20260401,감사보고서 (2025.12),20260401001528,
00608796,진흥공업,JIN HUNG IND CO LTD,24321,20230220,20260407,감사보고서 (2025.12),20260407001361,
00665995,아륭기공,"A-RYUNG MACHINERY.END.,LTD",2913,20230220,20260413,감사보고서 (2025.12),20260413000353,
01588985,비바모빌리티,"JJMOTORS CO.,LTD.",30121,20230222,20250411,감사보고서 (2024.12),20250411001280,
00239693,능원금속공업,"NUNGWON METAL IND. CO,. LTD",24221,20230214,20260430,연결감사보고서 (2025.12),20260430001002,
00524670,우진정공,OSAN PRECISION CORP.,24122,20230221,20260331,감사보고서 (2025.12),20260331000446,
00874867,아시아중공업,"asia heavy industry co.,ltd",292,20230214,20260402,감사보고서 (2025.12),20260401005141,
00925000,발레오오토모티브코리아,Valeo Automotive Korea Ltd.,30,20230216,20260403,감사보고서 (2025.12),20260403002617,
01149537,범아기계공업,"Bum-A Machinery Co.,Ltd.",25924,20230220,20240401,감사보고서 (2023.12),20240401001962,
01330874,말타니메탈,"Maltani Metal co.,ltd.",24222,20221021,20260413,감사보고서 (2025.12),20260413002543,
00197777,삼성정밀공업,Samsung Precision co.Ltd,2591,20230220,20260409,감사보고서 (2025.12),20260409002168,
00653705,태진정공,"TAEJIN PRECISION CO.,LTD.",30,20230221,20260407,감사보고서 (2025.12),20260407003200,
01135978,현대디엘,HYUNDAEDL INC,25932,20230217,20260331,감사보고서 (2025.12),20260331001172,
00965567,주)태원정공,"TAE WON JUNG KONG CO.,LTD",243,20221028,20260413,감사보고서 (2025.12),20260413000046,
00920689,대성정밀기계,"DAE SUNG PRECISION MACHINERY CO., LTD.",2591,20230214,20260331,감사보고서 (2025.12),20260331001451,
01017025,성협공업,-,30,20230214,20240403,감사보고서 (2023.12),20240403000063,
01306637,현대로오텍,"Hyundai Ro-Tech Co.,Ltd",28123,20230215,20260429,연결감사보고서 (2025.12),20260429000491,
00187655,한국캠브리지필터,"CAMBRIDGE FILTER KOREA.CO,.LTD.",29199,20230220,20260403,감사보고서 (2025.12),20260403001677,
01433223,대영정밀,"DAEYOUNG PRECISION CO., LTD.",29142,20230220,20260324,감사보고서 (2025.12),20260324000318,
00580454,시리얼마이크로일렉트로닉스코리아,Serial Microelectronics Korea Ltd,46800,20230220,20260325,감사보고서 (2025.12),20260325000081,
01712209,일선정밀,"IL SUN precision co.,Ltd.",30331,20230110,20260402,감사보고서 (2025.12),20260402001926,
00922146,대한고열공업,"DAEHANHEATING INDUSTRY CO.,LTD",291,20230113,20260408,감사보고서 (2025.12),20260408003206,
00179896,보국전기공업,"BOKUK CTRIC INDUSTRIAL CO., LTD",28111,20230220,20260304,감사보고서 (2025.12),20260304000464,
00387042,유진통신공업,U-Jin Cable Ind. Co. Ltd.,28302,20230220,20260331,감사보고서 (2025.12),20260331004444,
00134112,세왕금속공업,"sewang metal ind. Co., Ltd.",25991,20230222,20260331,감사보고서 (2025.12),20260331004126,
00485991,현대선기,HYUNDAI MARINE MACHINERY CO. LTD,31114,20230223,20260402,감사보고서 (2025.12),20260402000761,
01362545,디와이메탈,"dymetal co., LTD.",24311,20221031,20260413,감사보고서 (2025.12),20260413000767,
00520522,대성나찌유압공업,"DAESUNG-NACHI HYDRAULICS CO.,LTD.",29133,20230214,20260402,감사보고서 (2025.12),20260402000425,
00162285,버슘머트리얼즈한양기공,"HANYANG TECHNOLOGY CO., LTD",29229,20221026,20260406,감사보고서 (2025.12),20260406003004,
01591864,퓨쳐일렉트로닉스,FUTURE ELECTRONICS INC.,46595,20230220,20260327,감사보고서 (2025.12),20260327000667,
01283284,대성하이피오토,DAE SUNG HI-P AUTO Corp.,25913,20230220,20260331,감사보고서 (2025.12),20260331002401,
00204244,로크웰오토메이션코리아,Rockwell automation korea ltd.,29229,20221128,20260105,감사보고서 (2025.09),20260105000253,
00207612,금강기계공업,KUM KANG MACHINERY INDUSTRIAL. CO.,25991,20230215,20260410,감사보고서 (2025.12),20260410003341,
01135905,동현정밀,dong hyun,2591,20230220,20260406,감사보고서 (2025.12),20260406003216,
00690867,동우정공,DONGWOO,30,20230220,20260401,감사보고서 (2025.12),20260401002422,
00573667,우진메탈,"WOOJIN METAL. CO., LTD.",24113,20230222,20260402,감사보고서 (2025.12),20260402001355,
01584226,알바테크앤모터스,ALBA TECH AND MOTORS,30310,20230220,20250403,감사보고서 (2024.12),20250403002268,
00531254,일신다이캐스팅,"ilshin die casting co., ltd.",24321,20230220,20260401,감사보고서 (2025.12),20260401001475,
01497595,산전정밀,"SANJEON JUNG MIL CO.,LTD",28121,20230220,20260403,감사보고서 (2025.12),20260403001500,
00110778,대신메탈라이징,"DAE SHIN METALLIZING CO., LTD",2591,20230220,20260401,감사보고서 (2025.12),20260401001984,
00925019,광림정공,Kwang-lim Precision Ltd.,29271,20230222,20260408,감사보고서 (2025.12),20260408002673,
00483577,동양정공,DONG YANG JUNG GONG,25200,20230223,20260403,감사보고서 (2025.12),20260403000067,
00411996,범한공업,"BUM HAN INDUSTRY CO., LTD.",25993,20230214,20260403,감사보고서 (2025.12),20260403000006,
00893358,첨단메탈코팅,CHUMDAN METAL COATING,25921,20230220,20260407,감사보고서 (2025.12),20260407002947,
00103802,광신기계공업,"KwangShin Machine Ind .Co.,Ltd",29131,20230220,20260327,감사보고서 (2025.12),20260327001122,
01148200,태원오토텍,-,2591,20230222,20260331,감사보고서 (2025.12),20260331000690,
01083985,모터트로닉스인터내셔날코리아,MOTORTRONICS INTERNATIONAL KOREA LTD,2811,20230220,20240401,감사보고서 (2023.12),20240401001978,
01021499,태양정공,"TAE YANG PRECISION&INDUSTRYCO.,LTD",30,20230220,20260403,감사보고서 (2025.12),20260403003345,
00409016,현대제이콤,"HYUNDAI J. COMM CO.,LTD",26410,20230220,20260330,감사보고서 (2025.12),20260330000121,
01731134,미진정공,"MIJIN PRECISION & INC CO.,LTD.",25111,20230418,20260402,감사보고서 (2025.12),20260402001948,
01762268,무원메탈,"MUWON METAL CO.,LTD",46721,20230517,20260410,감사보고서 (2025.12),20260410001277,
01747296,지엠에스이모빌리티,"GMS e-Mobility CO., LTD",25924,20230508,20260413,감사보고서 (2025.12),20260413000835,
01809824,토판일렉트로닉스코리아,Toppan Electroncis Korea Inc.,46,20240207,20240701,감사보고서 (2024.03),20240701000372,
00459686,신라정밀,Shilla Corporation,29,20230406,20260416,연결감사보고서 (2025.12),20260416000090,
01588994,진성정밀,"Jinsung Precision CO., Ltd",25913,20230223,20260401,감사보고서 (2025.12),20260401004189,
00567392,에이에스티,"Automotive Stamping Technology Co., Ltd",30,20230426,20260331,감사보고서 (2025.12),20260331000659,
00761749,디알비오토메이션,"DRB Fatec Co, Ltd",29,20230407,20260401,감사보고서 (2025.12),20260401003140,
01732090,계성중공업,"Gyesung Heavy industries Co., Ltd",31114,20230508,20251001,감사보고서 (2025.06),20251001000552,
01530890,대풍이브이자동차,"DAEPOONG EV CO.,LTD",30121,20230223,20250401,감사보고서 (2024.12),20250401003715,
00531768,동하정밀,DONGHA Precision Ltd.,30,20230223,20260408,감사보고서 (2025.12),20260408002923,
01651689,일진정공," ILJIN Precision Co., Ltd.",29171,20230223,,,,
01219146,성우모터스,"SUNGWOO MOTORS CO., LTD.",3020,20230613,20260409,감사보고서 (2025.12),20260409001379,
01027208,경동정공,"KYUNGDONGPRECISION CO.,LTD.",30,20230811,20260402,감사보고서 (2025.12),20260402003898,
01399886,경동정밀공업,"KYUNGDONG PRECISION INDUSTRY CO.,LTD",25924,20230223,20260408,감사보고서 (2025.12),20260408000840,
01740169,현대주류,Hyundai alcohlic liquots.co.Ltd.,46331,20230508,20260403,감사보고서 (2025.12),20260403000712,
00892234,세방메탈트레이딩,"SEBANG METAL TRADING CO.,LTD",4610,20230306,20260227,감사보고서 (2025.12),20260227007043,
01739914,현대레이저,HYUNDAILASER,25924,20230424,20250331,감사보고서 (2024.12),20250331001582,
00965071,아이윈오토,"iWIN Auto CO., LTD.",26224,20230807,20260401,감사보고서 (2025.12),20260401003067,
01015692,센서텍,"SENSORTEC CO., LTD",2629,20231013,20260508,[기재정정]연결감사보고서 (2025.12),20260508000189,
01724134,팍스실린더스,"Paxcylinders Co., Ltd.",46539,20230828,20250410,감사보고서 (2024.12),20250410001498,
00119715,두원정공,"DOOWON PRECISICON INDUSTRY CO., LTD",30,20230223,20250409,감사보고서 (2024.12),20250409001550,
01754171,애니일렉트로닉스,"ANY ELECTRONICS CO.,LTD.",26129,20230510,20240409,[기재정정]감사보고서 (2023.12),20240409000523,
00874399,한국자동제어,"KOREA AUTO CONTROLS CO.,LTD",2812,20230224,20260406,감사보고서 (2025.12),20260406001967,
00876698,도남정공,"DONAM PRECISION CO.,LTD.",259,20230425,20260402,감사보고서 (2025.12),20260402003676,
01079751,대성메탈,"DAESUNG METAL Co., Ltd.",2629,20230223,20260407,감사보고서 (2025.12),20260407001625,
01775031,범진판넬공업,"BUMJIN PANEL INDUSTRIAL CO.,LTD",25112,20230725,20260402,감사보고서 (2025.12),20260402001788,
01775457,평산기공,"Pyeongsan Technology Co., Ltd.",25941,20230725,20260331,감사보고서 (2025.12),20260331000927,
01732285,득일로공업,"DEUK IL FURNACE INDUSTRIAL CO., LTD.",29150,20230502,20240402,감사보고서 (2023.12),20240402000543,
01631728,로얄금속공업,"ROYAL METAL Industrial co.,Ltd.",25931,20230223,20240411,감사보고서 (2023.12),20240411001194,
01775101,모던오토텍,"Modern Autotech CO.,Ltd",30320,20230728,20260414,감사보고서 (2025.12),20260414000784,
01751183,윈텍오토메이션,Wintech Automation,29230,20230510,20250401,감사보고서 (2024.12),20250401002373,
00302661,다인정공,DINE INC.,25934,20230403,20260428,연결감사보고서 (2025.12),20260428000272,
00664701,현대강업,HYUNDAI STEEL,46721,20230224,20260401,감사보고서 (2025.12),20260401003357,
01467460,현대아이에프씨,HYUNDAI INTEGRATED FORGING CO. LTD.,25912,20230308,20260320,감사보고서 (2025.12),20260320000515,
01748295,양지모터스,yanggimotors,25913,20230503,20250410,감사보고서 (2024.12),20250410002659,
01738234,폴스타오토모티브코리아,POLESTAR AUTOMOTIVE KOREA,30121,20230510,20260414,감사보고서 (2025.12),20260414000449,
01726123,화목폴리머,"Hwamok Polymer CO.,Ltd",24290,20230404,20260331,감사보고서 (2025.12),20260331000866,
01725601,양헌기공,"Yangheon Machinery Co., Ltd.",29142,20230404,20260401,감사보고서 (2025.12),20260401001089,
00874502,부광정밀공업,Bukwang .Co. Ltd,30,20230223,20260402,감사보고서 (2025.12),20260402000994,
00233787,신일정공,SHINIL PRECISION IND CO.LTD,30,20230223,20260414,[기재정정]감사보고서 (2025.12),20260414001857,
01213036,정우전기,"JUNGWOO MOTOR CO., LTD",28111,20230223,20260413,감사보고서 (2025.12),20260413000503,
00536019,동양정밀,"DongYang precision,.LTD",30,20230504,,,,
00923428,성도메탈,"SUNGDOMETAL CO.,LTD",46621,20230223,20260409,감사보고서 (2025.12),20260409001920,
01759343,동성메탈,"ds,ltd",29199,20230515,20260415,감사보고서 (2025.12),20260415000314,
01763160,현대철강,hyundai steel,46721,20230525,20260331,감사보고서 (2025.12),20260331002981,
01758928,대광모티브,DG Motive Corp.,30310,20230511,20260408,감사보고서 (2025.12),20260408000666,
01747676,메탈게이트,"Metal Gate Co.,Ltd.",46722,20230504,20260403,감사보고서 (2025.12),20260403001527,
01750449,신성정공사,sinsung precision co. ltd,30399,20230509,20240411,감사보고서 (2023.12),20240411001945,
01726372,우성정공,"WOOSUNG PRECISION INDUSTRIAL CO.,LTD",29210,20230413,20260409,감사보고서 (2025.12),20260409001628,
00450047,명성공업,Myungsung Industry Corp.,30,20240221,20260410,감사보고서 (2025.12),20260410003367,
00658223,성화전기공업,"SEONG HWA ELECTRIC .CO .,LTD",24,20240213,20260401,감사보고서 (2025.12),20260401002110,
01747630,영흥금속공업,YOUNGHEUNG METAL.IND.CO.LTD,24312,20230509,20260408,감사보고서 (2025.12),20260408003210,
00184180,우일정밀공업,"WOOIL PRECISION IND.,LTD.",30,20230227,20260410,감사보고서 (2025.12),20260410000686,
01743892,현대전기기계공업,"Hyundai Electric Machinery Co., Ltd.",29229,20230427,20260408,감사보고서 (2025.12),20260408002641,
00113252,대한제쇄공업,"DAIHAN ANCHOR CHAINMFG CO., LTD",31114,20230224,20260401,감사보고서 (2025.12),20260401003567,
00927868,우일오토텍,WOOIL AUTOTHCH CORPORATION,30,20230224,20260410,감사보고서 (2025.12),20260410000682,
01729184,삼원메탈,"SAMWONMETAL CO.,LTD",46721,20230420,20240401,감사보고서 (2023.12),20240401002171,
00348575,케어캠프,CARECAMP INC.,46592,20230627,,,,
00653015,오성기공,"OSUNG MACHINERY INDUSTRIES CO.,LTD.",292,20230322,20260409,감사보고서 (2025.12),20260409003108,
00137979,신흥정밀,"SHIN HEUNG PRECISION CO., LTD.",26,20230404,20260430,연결감사보고서 (2025.12),20260430000399,
00527190,동이공업,"DONG-I INDUSTRIAL CO.,LTD",31114,20230303,20260402,감사보고서 (2025.12),20260402000176,
00924834,한서정공,"HANSEO PRECISION INDUSTRY CO.,LTD",29210,20230227,20260406,감사보고서 (2025.12),20260406002175,
01747162,연흥금속공업,"YEON HEUNG METAL.CO.,LTD.",24221,20230428,20260409,감사보고서 (2025.12),20260409001360,
01012905,가나공업,"GANA Industrial Co.,LTD",30,20230227,20260406,감사보고서 (2025.12),20260406003034,
00866460,미보기아,MIBOGEAR Inc.,30,20230227,20260409,감사보고서 (2025.12),20260409001173,
01747427,광성기공,"KwangSung M&E CO., Ltd.",30399,20230504,20260403,감사보고서 (2025.12),20260403002348,
01729847,광신기어,"GWANG SHIN GEAR CO.,LTD.",29142,20230411,20260414,감사보고서 (2025.12),20260414000487,
01745818,케이원메탈1공장,K-won Metal plant One CO.LTD.,24311,20230503,20250407,감사보고서 (2024.12),20250407001319,
01757947,화진정공,"Hwajin Precision Co., Ltd.",29199,20230515,20260413,감사보고서 (2025.12),20260413001382,
00176251,극동가스케트공업,"KEUK DONG GASKET.CO.,LTD",30,20230227,20260410,감사보고서 (2025.12),20260410001102,
00919470,동화경금속공업,"DONG  HWA  LIGHT  METAL  IND.CO.,LTD",24222,20230227,20260409,감사보고서 (2025.12),20260409001375,
00210801,삼익정공,"SAMICK PRECISION IND.CO., LTD",29141,20230227,20260331,감사보고서 (2025.12),20260331001178,
01751174,이연산업공업,eyon industrial,46721,20230502,20260316,감사보고서 (2025.12),20260316000218,
01783067,진우공업,jinwoo,30320,20230828,20260331,감사보고서 (2025.12),20260331000873,
01754560,동대전현대서비스,DONGDADEJEON HYUNDAI,30201,20230504,20260331,감사보고서 (2025.12),20260331001863,
00815387,유한정밀,"YUHAN PRECISION INDUSTRIAL CO.,LTD",29,20230227,20260413,감사보고서 (2025.12),20260413000056,
00481357,효림정공,HYOLIM PRECISION,30,20230516,20260414,감사보고서 (2025.12),20260414001501,
00137164,신진화스너공업,"SHINJINFASTENERS CO.,LTD.",259,20230227,20260331,감사보고서 (2025.12),20260331003298,
01028748,우드메탈,"wood metal co., ltd",467,20230726,20240329,감사보고서 (2023.12),20240329001255,
00137049,신일정밀,"shinil precision co., ltd",29133,20240201,20260410,감사보고서 (2025.12),20260410001145,
01573372,제이와이오토텍,"JY AUTOTECH CO.,LTD",30399,20230705,20260506,연결감사보고서 (2025.12),20260506000124,
00815660,기승공업,"KI SEUNG IND CO.,LTD",303,20240220,20260401,감사보고서 (2025.12),20260401001855,
00239806,서울정밀,SEOUL PRECISION LTD,30,20240131,20260401,감사보고서 (2025.12),20260401001324,
01636459,신우정공,"SHINWOOJUNGKONG CO., LTD",25119,20230413,20260413,감사보고서 (2025.12),20260413001053,
00929945,대신정밀,"DAESHIN PRECOSION INDUSTRIAL CO., LTD",31114,20230419,20260401,감사보고서 (2025.12),20260401002428,
00442844,창환단자공업,"CHANG HWAN PRECISION TERMINAL CO.,LTD.",2629,20240223,20260407,감사보고서 (2025.12),20260407000305,
00291523,대성공업,"DAE SEONG LTD,.CO",25929,20240227,20260403,감사보고서 (2025.12),20260403000312,
00923677,창성시트,"CHANGSUNG SHEET CO., LTD.",2621,20240226,20260401,감사보고서 (2025.12),20260401002680,
00182216,세일공업,"SEIL INDUSTRIAL CO., LTD.",29142,20240222,20260410,감사보고서 (2025.12),20260410000475,
01748709,경원메탈,kyungwonmetal co.ltd,25,20230511,20240405,감사보고서 (2023.12),20240405000472,
01749188,천명메탈,"CHUN MYUNG METAL CO.,LTD",24211,20230511,20260414,감사보고서 (2025.12),20260414000251,
01738793,에스티에스정밀,"STSPRECISION. CO., LTD.",29133,20230502,20260414,감사보고서 (2025.12),20260414000037,
01530216,신화오토텍,"SHINHWA AUTOTECH CO.,LTD.",27219,20240223,20260421,연결감사보고서 (2025.12),20260421000445,
01787887,세창기공,SECHANG MACHINERY CO. LTD,31114,20230926,20260407,감사보고서 (2025.12),20260407001095,
00303545,서일캐스팅,"S.I CASTING CO., LTD",30,20240227,20260429,연결감사보고서 (2025.12),20260429000239,
01534188,오토위니,AUTOWINI INC.,46109,20240227,20260413,감사보고서 (2025.12),20260413000682,
00648998,대한정공,"DAE HAN PRECISION & INDUSTRIES CO.,LTD",31114,20240228,20260406,감사보고서 (2025.12),20260406002962,
00836672,알메탈,"ALMETAL CO., LTD",30,20240226,20260408,감사보고서 (2025.12),20260408000537,
00244914,효진이앤하이,"HYOJIN AUTOTECH Co.,Ltd.",302,20240228,20260410,감사보고서 (2025.12),20260410001090,
00206622,유진기공산업,YUJIN MACHINERY LTD.,31202,20240228,20260413,감사보고서 (2025.12),20260413002141,
01027420,케이씨모터스,KCMOTORS,3020,20240228,20260407,감사보고서 (2025.12),20260407001270,
00561538,대성공업,"DAESUNG INDUSTRIES CO., LTD.",30310,20240227,20260401,감사보고서 (2025.12),20260401000939,
00184922,유니콘미싱공업,UNICORN MACHINE INDUSTRIES,46,20240228,20260403,감사보고서 (2025.12),20260403001426,
00786562,태창정공,"TAECHANG PRECISION.CO.,LTD",29133,20230921,20260413,감사보고서 (2025.12),20260413002424,
01151888,상지정공,"SANGJI PRECISION CO., LTD.",30,20240226,20260408,감사보고서 (2025.12),20260408003382,
00134440,진양오토모티브,"CHINYANG AUTOMOTIVE CO.,LTD",30399,20240319,20260324,감사보고서 (2025.12),20260324000320,
01740239,현대그린텍,HYUNDAI GREENTECH,25991,20230421,20260313,감사보고서 (2025.12),20260313000456,
00609403,마스텍중공업,"Mastek Heavy Industries Co., Ltd.",3111,20240223,20260429,연결감사보고서 (2025.12),20260429001128,
00809438,다산기공,"DASAN MACHINERIES CO.,LTD.",292,20230321,20260420,연결감사보고서 (2025.12),20260420000034,
01731976,동건공업,"dong kun industrial co.,ltd.",28111,20240223,20260403,감사보고서 (2025.12),20260403000702,
00137474,신한발브공업,"Shin Han Valve Industrial Co., Ltd.",30399,20230504,20260430,연결감사보고서 (2025.12),20260430001422,
01290585,영인정공,YOUNG IN PRECISION CO.LTD,25992,20240227,20260414,감사보고서 (2025.12),20260414001673,
01777792,동우일렉트로닉스,DONGWOO ELECTRONICE CO.LTD,26299,20230731,,,,
00102344,경창정공,"Kyung Chang Precision Ind. Co., Ltd.",31999,20240216,20260330,감사보고서 (2025.12),20260330000484,
01808171,세화오토모티브,"SEHWA AUTOMOTIVE CO., LTD",30399,20240117,20260417,감사보고서 (2025.12),20260417000030,
00220914,시그너스정공,"Cygnus Co., Ltd.",30,20240227,20260331,감사보고서 (2025.12),20260331001085,
00622282,커머셜엔진,"Commercial Engine co.,Ltd.",29111,20240228,20260408,감사보고서 (2025.12),20260408001774,
01772566,대양정밀,"Dae Yang Precision Co.,Ltd",25924,20230727,20250403,감사보고서 (2024.12),20250403001202,
00891794,금호정밀,KUMHOJEONGMIL,30,20240228,20260413,감사보고서 (2025.12),20260413001279,
01788220,에스에프메탈,"SFMETAL Co., Ltd",24212,20240227,20260413,감사보고서 (2025.12),20260413002536,
01752960,화진정공,"HWAJIN PRECISION CO., LTD",28511,20230508,20260410,감사보고서 (2025.12),20260410003377,
01585809,케이씨파츠텍,"KCPartsTech Co., Ltd.",29271,20230926,20260403,감사보고서 (2025.12),20260403001272,
00369532,애로우일렉트로닉스,ARROW ELECTRONICS KOREA LTD.,46106,20230223,20260410,감사보고서 (2025.12),20260410000095,
01204180,명진정공,"Myung-jin Precision IND,co.,Ltd",303,20231211,20260331,감사보고서 (2025.12),20260331002942,
01715631,델타일렉트로닉스코리아,DELTA ELECTRONICS(KOREA),46106,20231229,20260409,감사보고서 (2025.12),20260409001734,
01028951,대진메탈공업,"DAEJIN METAL IND. CO., LTD.",24312,20230223,20260402,감사보고서 (2025.12),20260402003233,
00836636,현대스틸,"HYUNDAI STEEL CO.,LTD",25999,20230403,20260331,감사보고서 (2025.12),20260331002961,
01547571,신원오토모티브,SHINWON AUTOMOTIVE,30320,20230223,,,,
01213018,동양정밀가스켓,"DONG YANG JEONG MIL GASKET CO.,LTD",2591,20230223,20260401,감사보고서 (2025.12),20260401002041,
00563794,연산메탈,"YOUN SAN STEEL CO., LTD.",46721,20230223,20260406,감사보고서 (2025.12),20260406001012,
00235004,페르노리카코리아,"Pernod Ricard Korea Co., Ltd.",46331,20230811,20251002,감사보고서 (2025.06),20251002000124,
01780662,남도전기공업,"Nam Do Electric Co.,Ltd",25999,20230821,20260331,감사보고서 (2025.12),20260331003219,
01028757,창산정공,CHANGSAN PRECISION CO.LTD,303,20230223,20260406,감사보고서 (2025.12),20260406001020,
00878395,현대그린테크,HYUNDAIGREENTEC,46800,20230223,20260303,감사보고서 (2025.12),20260303000440,
00870728,씨에스메탈스,csmetals,46800,20230223,20260326,감사보고서 (2025.12),20260326000489,
01772070,대림기공,"DAERIM MACHINERY CO., LTD.",25122,20230807,20260406,감사보고서 (2025.12),20260406001717,
01549621,도무스메탈,DOMUSMETAL,25932,20230223,20250411,감사보고서 (2024.12),20250411000487,
00127635,삼원정공,"SAMWON PRECISION MACHINE CO.,LTD.",25943,20230223,20260403,감사보고서 (2025.12),20260403003471,
01767290,근하기공,"geunha engineering., ltd",29161,20230622,20260430,연결감사보고서 (2025.12),20260430000557,
01484245,에이치디현대로보틱스,"HDHyundai Robotics Co., Ltd",2928,20240202,20260331,연결감사보고서 (2025.12),20260331004301,
00448848,유진정공,YUJIN PRECISION CO.LTD.,30,20230223,20260331,감사보고서 (2025.12),20260331004187,
01038152,현대오토솔루션,"HYUNDAI AUTO SOLUTION CO.,LTD",25924,20230223,20260401,감사보고서 (2025.12),20260401001661,
00912486,대한금속공업,DAEHAN Metal Industry Co.Ltd,24311,20230223,20260408,감사보고서 (2025.12),20260408002252,
00654971,한국운반기계공업,"Han-Kook Transportation Machine co., ltd. ",2916,20230223,20260407,감사보고서 (2025.12),20260407002050,
01370757,동양전자공업,"DONGYANG ELECTRONIC INDUSTRY CO.,LTD",28111,20230223,20260406,감사보고서 (2025.12),20260406000737,
01532588,카네비오토모티브,"Kanavi Automotive Co., Ltd.",26521,20230224,,,,
00176589,나라컨트롤,Nara Controls Inc,27215,20230223,20260409,감사보고서 (2025.12),20260409000095,
00680693,육일메탈,Yuk-IL Metal Company,30,20230224,20260401,감사보고서 (2025.12),20260401003041,
01798078,에디슨건강기차,"EDISON JIANKANG AUTOMOBILE CO., LTD.",3039,20231121,,,,
01798625,현대콘트롤전기,"HYUNDAI CONTROL ELECTRIC CO., LTD.",28123,20231121,,,,
01018024,협진커넥터,"Hyupjin Connector Co.,Ltd.",2629,20230223,20260402,연결감사보고서 (2025.12),20260402003595,
01639933,농업회사법인현대농산,"hyundai Agricultural Products Co., Ltd",46201,20230223,20260409,감사보고서 (2025.12),20260408003476,
01080270,오토메탈글로벌,"Auto Metal Global Co.,Ltd",25912,20230223,20260331,감사보고서 (2025.12),20260331004420,
01552740,오토렉스,"AUTOREX Co., Ltd.",30201,20230224,20260401,감사보고서 (2025.12),20260401002661,
01733761,대양메탈,daeyang metal,24290,20230417,20260413,감사보고서 (2025.12),20260410003734,
01306114,코리아정공,KOREA PRECISION,29120,20230228,20250404,감사보고서 (2024.12),20250404003842,
01373587,태흥철강공업,TAE HEUNG STEEL CO,25941,20230223,20250403,감사보고서 (2024.12),20250403000939,
01760987,씨엔모터스,CN MOTORS,30201,20230512,20260401,감사보고서 (2025.12),20260401002656,
01757354,청우정밀,"Chungwoo Precision co.,Ltd",25924,20230512,20260410,감사보고서 (2025.12),20260410001824,
00564137,대구정밀,"DAEGU PRECISION CO.,LTD",25943,20230223,20260406,감사보고서 (2025.12),20260406000581,
00620309,한양공업,"Hanyang Trading Co.,Ltd",29142,20230427,20260401,감사보고서 (2025.12),20260401002074,
01152993,코와이어,KOREA WIRE.CO.LTD,259,20230223,20260406,감사보고서 (2025.12),20260406000806,
00580533,플루이커넥터코리아,"Fluiconnecto OEM Korea CO.,Ltd.",25924,20230223,20240402,감사보고서 (2023.12),20240402002114,
01739899,동원정밀,"Dong Won Precision Co.,LTD",29,20230424,20260402,감사보고서 (2025.12),20260402002224,
01377617,신정기공,"SHIN JEUNG MACH.CO.,LTD.",29133,20230223,20260401,감사보고서 (2025.12),20260401001810,
00770321,원일현대에프엔티,"WONIL HYUNDAE F&T CO.,LTD",25912,20230223,20260410,감사보고서 (2025.12),20260410000768,
00875370,유니메탈,"Unimetal Co., Ltd.",46722,20230228,20260320,감사보고서 (2025.12),20260320000449,
01839357,현대자동문,"HYUNDAIAUTODOOR CO.,LTD",29199,20240507,20260406,감사보고서 (2025.12),20260406001904,
01851580,제현정공,"JAEHYUN Precision Co.,Ltd.",26429,20240621,20260331,감사보고서 (2025.12),20260331002195,
01139558,오토팩코리아,"AUTOPACKOREA CO,.LTD",29191,20240628,,,,
01142640,대유정공,DAEYOU Precision Company,29293,20240628,,,,
01144602,정일금형정공,"JUNGIL MOLD PRECISION CO.,LTD",29293,20240628,20260401,감사보고서 (2025.12),20260401001450,
00924214,삼성정공,"SAMSUNG PRECISION CO., LTD.",29293,20240628,20260402,감사보고서 (2025.12),20260402000766,
00925471,태영정밀,"TAE YOUNG INDUSTRY CO., LTD",29293,20240628,,,,
01842689,오토실리콘,Autosilicon lnc.,26112,20240513,20260320,감사보고서 (2025.12),20260320000418,
01432507,토탈베스틸정공,Total Besteel Precision,29293,20240628,20260331,감사보고서 (2025.12),20260331002294,
01450512,삼원정밀,"SAMWON PRECISION CO., LTD",29293,20240628,20250408,감사보고서 (2024.12),20250408001946,
00426873,한국지엠,GM Korea Company,30121,20240613,20260424,연결감사보고서 (2025.12),20260424000390,
00761891,에이치아이티오토모티브,"H.I.T AUTOMOTIVE CO.,LTD",29293,20240628,20260331,감사보고서 (2025.12),20260331000879,
00764117,제이엠씨중공업,"JMC Heavy Industries Co., LTD",29177,20240628,,,,
01147812,경성정밀,"KYUNGSUNG PRECISION CO.,LTD.",29293,20240628,20260417,연결감사보고서 (2025.12),20260417000603,
01151727,서진특수강정공,"SEO JIN SPECIAL STEEL,CO.LTD",29293,20240628,,,,
00925684,백천정밀,BAKCHUNJUNGMIL Co LTD,29193,20240628,,,,
01829624,한일엔지니어링공업,"HANIL ENGINEERING INDUSTRY CO.,LTD.",29163,20240513,20260406,감사보고서 (2025.12),20260406001799,
01458569,재원정밀,JAEWON,29293,20240628,20260401,감사보고서 (2025.12),20260401001599,
01827325,알파중공업,"ALPHA HEAVY INDUSTRIES CO.,LTD",31114,20240502,20260402,감사보고서 (2025.12),20260402002685,
00806176,우성정공,"WOOSUNG PRECISION CO., LTD",29293,20240628,20260324,감사보고서 (2025.12),20260324000934,
01152647,유진정밀,"YU JIN PRECISION CO.,LTD.",27220,20240628,,,,
01829943,파츠플러스,PARTSPLUS,46595,20240508,20260319,감사보고서 (2025.12),20260319000052,
00940124,신성정밀공업,SHIN SUNG PRECISION,29191,20240628,20260409,감사보고서 (2025.12),20260409003015,
00940647,미광정공,"MIKWANG PRECISION MANUFACTURE CO.,LTD",29293,20240628,20260326,감사보고서 (2025.12),20260326000915,
00960580,제이에스정공,"JS PRECISION INDUSTRY CO., LTD.",29293,20240628,,,,
00961260,창성정밀,"CHANGSUNG CO., Ltd",29293,20240628,20260406,감사보고서 (2025.12),20260406000454,
01840548,에스지메탈,SG METAL CO. LTD,46791,20240507,20260413,감사보고서 (2025.12),20260413002325,
01852640,대도중공업,Dae Do heavy industries,25113,20240628,20250404,감사보고서 (2024.12),20250404003262,
01173491,해찬정밀,HAE CHAN ENG,29292,20240628,20250409,감사보고서 (2024.12),20250409001384,
01174241,신기정공,"SINKI PRECISION.CO.,LTD.",29293,20240628,,,,
00966061,신한정밀공업,SHINHANPRECISION CO.LTD,29293,20240628,20260331,감사보고서 (2025.12),20260331001827,
00459011,한국요꼬가와일렉트로닉스매뉴팩처링,"Yokogawa Electronics Manufacturing Korea Co., Ltd",27216,20240530,20250530,감사보고서 (2025.03),20250530000306,
01836493,서광메탈,"SEO KWANG METAL CO.,LTD",46791,20240508,20260401,감사보고서 (2025.12),20260401002225,
00969545,전일정공사,JEONILMOLD PRECISION CO.LTD,29293,20240628,,,,
00971443,지노모터스,"Jino Motors Co., Ltd.",30123,20240628,20260331,감사보고서 (2025.12),20260331002212,
00972390,명성정밀,Myung sung Precision corporation ltd,29293,20240628,20250319,감사보고서 (2024.12),20250319000866,
01139521,디에이치정공,dh,28511,20240507,20260408,감사보고서 (2025.12),20260408000531,
00111272,대열기계공업,"DAEYEOL MACHINERY IND.CO.,LTD.",29192,20240628,,,,
00499639,한솜모터스,"hansommotors co.,ltd.",31921,20240628,,,,
00566515,삼정공조,"SAMJUNG AIR CONDITIONING CO.,LTD",29174,20240628,,,,
01215797,부광정밀,BOO KWANG Precision.Co.Ltd,29293,20240628,20260410,감사보고서 (2025.12),20260410002255,
01831498,극동전자정밀,"KUKDONG ELECTRONIC PRECISION CO., LTD",28121,20240426,20260406,감사보고서 (2025.12),20260406002934,
00120270,로렌스시계공업,"Rolens watch Ind.Co.,Ltd.",27220,20240628,,,,
01829031,현대철강,Hyundai Steel Corp.,25113,20240424,20260403,감사보고서 (2025.12),20260403002270,
00505514,한진금형공업,"HANJIN DIE AND MOLD CO., LTD.",29293,20240628,20240405,감사보고서 (2023.12),20240405000216,
00511375,삼아공업,"SAM-A INDUSTRIAL CO., LTD.",31921,20240628,,,,
00568984,보라정밀,"BORA PRECISION Co.,Ltd.",29293,20240628,,,,
00573311,주광정밀,JOO KWANG,29293,20240628,20260429,연결감사보고서 (2025.12),20260429000070,
01222177,다산중공업,"  DASAN HEAVY INDUSTRY CO.,LTD",30123,20240628,,,,
01014347,신흥정밀,"SIN HEUNG PRECISION CO.,LTD",29293,20240628,,,,
01296260,동일정밀공업,"Dongil Precision Industrial Co.,Ltd.",29174,20240628,20260407,감사보고서 (2025.12),20260407001937,
01298329,세일특수강정공,SEIL SPECIAL CO LTD,29293,20240628,,,,
01298772,한국금형정공사,"HAN KUK mould Co.,Ltd.",29293,20240628,20260402,감사보고서 (2025.12),20260402002096,
00380368,영보공업,"YOUNGBO IND.CO.,LTD.",29133,20240517,20250605,감사보고서 (2025.03),20250605000479,
01827486,디지에프오토모티브,DgF Automotive,30320,20240521,20250331,감사보고서 (2024.12),20250331003276,
00594721,구일정공,"Ku-il Precision co.,ltd",29293,20240628,,,,
00815873,서울샤프중공업,"SEOULSHARP HEAVY INDUSTRIES CO., LTD.",29175,20240628,20260402,감사보고서 (2025.12),20260402000837,
01230909,원화정밀,"Won Hwa Precision Co.,Ltd.",29293,20240628,20260402,감사보고서 (2025.12),20260402003411,
01560226,아이엠에스일렉트로닉스,"IMS electronics.Co.,Ltd",27309,20240628,20260403,감사보고서 (2025.12),20260403000209,
01697159,명성공업,"MYOUNG SEONG Industrial Co., Ltd",29299,20240628,20251013,감사보고서 (2025.06),20251013000205,
01832947,유진코메탈,"YUJINCOMETAL CO., LTD.",25941,20240507,20260410,감사보고서 (2025.12),20260410003223,
00134389,세일기계공업,"SEIL MACHINERY IND.CO.,LTD.",29299,20240628,,,,
00164520,현대교역,"HYONDAE COMMERCIAL CO., LTD.",27309,20240628,,,,
00601678,동성정밀,"dong sung precision co.,Ltd",29292,20240628,,,,
00608264,화신기계공업,"Hwashin Machinery Co.,LTD",29292,20240628,,,,
01021365,신성정공,"SHIN SUNG PRECISION CO.,LTD",29293,20240628,,,,
01021648,광진정밀,KWANGJIN PRECISION CO LTD,29293,20240628,,,,
01022735,태진정밀,"taejin precision co.,ltd",29293,20240628,,,,
01234774,삼일정공,samil,29293,20240628,,,,
01574672,유우일렉트로닉스,"U Electronics Co.,Ltd.",26294,20240628,,,,
01747719,주)유아이정밀,YOUIPRECISION CO..LTD.,29293,20240628,20240403,감사보고서 (2023.12),20240403000120,
01332942,한마음기공,"HANMAUM KG Co,.Ltd.",29177,20240628,,,,
00616449,한주기계공업,"HANJOO machine Industrial Co., Ltd.",29177,20240628,20260403,감사보고서 (2025.12),20260403002504,
01027077,윤일정밀,"YOOM IL CO., LTD",29293,20240628,,,,
01027776,우신정공,"WOOSHIN PRECISION CO.,LTD.",29293,20240628,20260402,감사보고서 (2025.12),20260402002523,
01269859,미주정밀,"MIJU PRECISION CO ., LTD",29293,20240628,20260408,감사보고서 (2025.12),20260408002565,
01752915,지상정밀,jisangprecision,29293,20240628,20260413,감사보고서 (2025.12),20260413000092,
01759149,피에스에이,"PRINTING SOLUTION AUTOMATION CO., LTD.",29292,20240628,20240402,감사보고서 (2023.12),20240402001562,
01821039,와이에이치오토,YHAUTOLIMITED,25943,20240508,20260330,감사보고서 (2025.12),20260330001707,
00112448,대주기공,"DAEJOO MACHINERY CO.,LTD",29229,20240712,20260325,감사보고서 (2025.12),20260325000426,
01337619,신풍정밀특수강,"Shinpoong Prescision Special Steel Co., LTD.",29293,20240628,,,,
01287411,대진기계공업,"DAE JIN MACHINERY IND CO., LTD",29291,20240628,20260406,감사보고서 (2025.12),20260406002435,
01775642,한국후지필터,"FUJI FILTER KOREA CO.,LTD.",29176,20240628,20260402,감사보고서 (2025.12),20260402002958,
01841936,성일밸브공업,"SUNG IL VALVE IND.CO.,LTD",29120,20240508,20260408,감사보고서 (2025.12),20260408002465,
01832983,대한와이어판매,DAEHAN WIRE SALES. CO. LTD.,46596,20240426,20260331,감사보고서 (2025.12),20260331000688,
01835227,신미정공,"shinmi precision co.,Ltd",25912,20240513,20260316,감사보고서 (2025.12),20260316000366,
00626677,갑산메탈,Gabsanmetal corporation,24329,20240628,,,,
00629975,대산공업,DAE SAN INDUSTRIAL  CO.LTD,29293,20240628,20260408,감사보고서 (2025.12),20260408003068,
00637938,대형정밀,DEAHYUNG PRECISION CO. LTD,29299,20240628,20260403,감사보고서 (2025.12),20260403002876,
00638919,태성정밀,"TAE SUNG PRECISION CO., LTD",29293,20240628,20260408,[기재정정]감사보고서 (2025.12),20260408002652,
01627558,경원정공,"KYONG WON PRECISION CO.,LED.",29293,20240628,20260410,감사보고서 (2025.12),20260410002712,
01841167,엠에스필터,"MS Filter CO., LTD.",29175,20240628,20260402,감사보고서 (2025.12),20260402000587,
00863056,정우정공,"JUNGWOO PRECISION & INDUSTRY CO., LTD.",30123,20240628,20260407,감사보고서 (2025.12),20260407002323,
00867399,상구정공,Sang Gu Precision Co.,29293,20240628,20260401,감사보고서 (2025.12),20260401003876,
01371446,지에스엠메탈,"GSMMETAL CO., LTD",29293,20240628,20260408,감사보고서 (2025.12),20260408001368,
00158431,제이티정밀,"JT PRECISION CO.,LTD",27220,20240628,,,,
01833371,오토켐,Autochem,46733,20240430,20260414,감사보고서 (2025.12),20260414000833,
00640589,후다바전자공업,FUTABA CORPORATION,29293,20240628,,,,
00655749,케이티중공업,"KT Heavy Industries Co., Ltd.",29177,20240628,,,,
00656535,현대금형기술,"HYUNDAI MOLD TECH. Co.,Ltd.",29293,20240628,,,,
01082904,고려정밀,"Korea Precision Co.,Ltd",29293,20240628,20260410,감사보고서 (2025.12),20260410002916,
01083116,태일정밀,"TAE IL PRECISION CO.,LTD.",29293,20240628,20260402,감사보고서 (2025.12),20260402001337,
00457156,풍원공업,"poong won industry co,.ltd",25943,20240628,20260414,감사보고서 (2025.12),20260414000327,
00873275,동현정공,"DONGHYUN PREC.CO.,LTD.",29293,20240628,20260407,감사보고서 (2025.12),20260407001688,
00225405,중앙공업,"Joong Ang Industnial Co.,Ltd.",29192,20240628,,,,
00660264,동산전자부품,"Dong San Electronic Components Co.,Ltd.",29293,20240628,,,,
01087307,동성정밀,"DONG SUNG PRECISION CO., LTD",29293,20240628,20240402,감사보고서 (2023.12),20240402002394,
01470862,신신전자공업,"SHIN SHIN Electronic Industry Co.,Ltd.",26294,20240628,20260407,감사보고서 (2025.12),20260407001741,
01473337,대성자동포장기계,"Daesung Automatic Packaging Machinery., Co. Ltd.",29191,20240628,20260409,감사보고서 (2025.12),20260409002644,
01476121,코멧센서,"COMET SENSOR CO.,LTD",26294,20240628,20260406,감사보고서 (2025.12),20260406001250,
00230197,삼광조선공업,"SAMKWANG SHIPBUILDING & ENG. CO., LTD.",31113,20240604,20250703,감사보고서 (2025.03),20250703000224,
00883953,일우정밀,..,29293,20240628,20260407,감사보고서 (2025.12),20260407002179,
01396746,그린모빌리티,GREEN MOBILITY,31921,20240628,,,,
00237428,동아정밀공업,"Dong-A precision Ind. Co., Ltd.",29293,20240628,20260325,감사보고서 (2025.12),20260325000242,
00670119,원진정공,"WON JIN PRECISION CO.,LTD.",29293,20240628,20250630,감사보고서 (2025.03),20250630000612,
01100422,대호특수강정공,dhss.co.daeho,29293,20240628,,,,
01109964,대림정밀,"DAERIM PRECISION CO.,LTD.",29293,20240628,,,,
01477528,한진필터,HANJINFILTER CO.,29175,20240628,,,,
01867086,동은정공,"DONGEUN PRECISION & ENGINEERING CO., LTD.",31114,20240909,20260403,감사보고서 (2025.12),20260403001594,
01871201,유신모터스,YUSHINMOTORS,4610,20240927,20250404,감사보고서 (2024.12),20250404002235,
01399530,현대알루미늄,"HYUNDAIALUMINIUM Co.,Ltd.",29293,20240628,,,,
00249663,삼원금형정공,"SAMWON PRECISION MOULD MFG, CO., LTD.",29293,20240628,20260428,연결감사보고서 (2025.12),20260428000371,
00253976,동아중공업,"DONGAH HEAVY INDYUSTRIES CO.,LTD",29174,20240628,,,,
01138407,일흥자동기계,"ILHEUNG AUTOMATIC MACHINERY.CO,.LTD",29191,20240628,20260331,감사보고서 (2025.12),20260331002164,
01138470,동성정공,"Dong Sung Precision Industrial Co.,Ltd",29293,20240628,20260408,감사보고서 (2025.12),20260408002132,
01499186,기원정밀,"KIWON Superprecision co.,ltd",29293,20240628,,,,
01506097,우성공업,"WOOSUNG IND CO.,LTD",26294,20240628,20260409,감사보고서 (2025.12),20260409001009,
01650769,코코넛필터,coconutfilter ,29176,20240628,20260331,감사보고서 (2025.12),20260331004306,
01763072,에스피앤모빌리티,"SP&Mobility Co., Ltd",46599,20250207,,,,
00842178,대리정밀,"DAEREE PRECIION CO.,LTD.",30,20250227,20260430,연결감사보고서 (2025.12),20260430001103,
01897625,산도브레이크,SANDO BRAKE COMPANY,30392,20250305,20260406,감사보고서 (2025.12),20260406002547,
01909230,케이엠메탈,"KM Metal CO.,LTD",46722,20250414,20260409,감사보고서 (2025.12),20260409002545,
01839065,에이스메탈,"ACEMETAL CO.,LTD",25929,20240510,20260402,감사보고서 (2025.12),20260402000117,
01864034,노벨정밀금속,"NOBEL PRECISION METAL CO.,Ltd",25941,20240828,20260331,감사보고서 (2025.12),20260331001313,
00492016,다보정밀,"DABO PRECISION CO.,LTD",29241,20250228,20260430,연결감사보고서 (2025.12),20260430001808,
00568249,명진커넥터,"MYUNGJIN CONNECTOR CO., LTD.",25922,20250228,20260430,연결감사보고서 (2025.12),20260430001803,
01452389,오토닉스,Auto-nics,262,20250402,20260402,감사보고서 (2025.12),20260402000667,
00472021,유진정밀,YUJIN PRECISION.CO.LTD,30,20240517,20260409,감사보고서 (2025.12),20260409001143,
00179212,두성에스비텍(구:두성공업주식회사),"Doosung sbtech Co.,Ltd",30,20250228,20260331,감사보고서 (2025.12),20260331000309,
01842768,대현공업,"DAEHYUN INDUSTRY CO., LTD.",31114,20240510,20260408,감사보고서 (2025.12),20260408000174,
00616342,현성오토텍,Hyunsung Autotech.co.ltd,25921,20240801,20250407,감사보고서 (2024.12),20250407003494,
01836572,주식화사오토런,AUTORUN INC.,29299,20240430,20260402,감사보고서 (2025.12),20260402000875,
01904943,탑메탈,"TOP METAL Co.,Ltd",46791,20250404,20260414,감사보고서 (2025.12),20260414001325,
00332468,에이치디현대삼호,"HD HYUNDAI SAMHO CO., LTD.",3111,20250404,,,,
01839825,제이엘중공업,"JL HEAVY INDUSTRY CO,.LTD",31114,20240513,20260402,감사보고서 (2025.12),20260402000119,
00569202,삼공기어공업,"SAMGONG GEAR IND.CO.,LTD",30331,20240416,20260414,감사보고서 (2025.12),20260414000370,
00916215,에이이엠모빌리티,"Silryuk Industrial.Co.,Ltd",30,20240605,20250407,감사보고서 (2024.12),20250407004037,
00862206,에이치디현대플라스포,"HD Hyundai Plaspo Co., Ltd.",2811,20250407,20260407,연결감사보고서 (2025.12),20260407002118,
01875492,신화메탈,"SHINHWA METAL Co., Ltd",24311,20241024,20260408,감사보고서 (2025.12),20260408000057,
01368682,용암홍은메탈,hongeunmatel co.LTD,24321,20250325,20260406,감사보고서 (2025.12),20260406002299,
00581170,한성중공업,HANSUNG HEAVY INDUSTRIES,29223,20240422,20260330,감사보고서 (2025.12),20260330000130,
00617749,유한정밀,"YUHAN PRECISION CO., LTD",2599,20250114,20260430,연결감사보고서 (2025.12),20260430001249,
01855939,태원오토모티브,"TAEWON PRECISION CO,.LTD.",25999,20250217,20260401,감사보고서 (2025.12),20260401002755,
01821279,국제기공,KOOK JAE GI KONG,29162,20240404,20260402,감사보고서 (2025.12),20260402001179,
01832761,에스에이메탈,"SAMETAL CO.,LTD.",2421,20240426,20260413,감사보고서 (2025.12),20260413000525,
01830392,풍원정밀공업,POONGWON PRECISION,25922,20240507,20260406,감사보고서 (2025.12),20260406003796,
01365597,제성내장,"Jesung Automotive Trim Industry Co.,Ltd.",30,20250401,20250314,감사보고서 (2024.12),20250314000739,
01839676,우리도어,WOORI DOOR CO.LTD,25111,20240508,20260408,감사보고서 (2025.12),20260408003055,
01136533,에스비오토모티브,"SB AUTOMOTIVE Co.,Ltd",30,20240429,20260414,감사보고서 (2025.12),20260414000094,
01836031,현대상사,Hyundai Sangsa ,46800,20240429,20260406,감사보고서 (2025.12),20260406004411,
01037931,부산가설정공,"BUSAN GASEOL JUNGGONG CO., LTD.",25932,20240429,20260403,감사보고서 (2025.12),20260403002458,
01893638,우선정공,Woosun Precision Industry Inc.,25924,20250205,,,,
00370556,신영기계공업,"SHIN YOUNG MACHINARY CO., LTD",29111,20250416,20260327,감사보고서 (2025.12),20260327000514,
01866634,창신정밀,"CHANG SHIN PRECISION CO., LTD.",29193,20240905,20250401,감사보고서 (2024.12),20250401002323,
01896088,천룡정밀,"CHUNRYOUNGMIL.CO.,Ltd.",30331,20250221,20260406,감사보고서 (2025.12),20260403003906,
00865692,메탈링크,Metal Link Inc.,24222,20240904,20260327,감사보고서 (2025.12),20260327000301,
00154338,태평양밸브공업,"PACIFIC VALVE IND.CO.,LTD.",29133,20241025,20250620,감사보고서 (2025.03),20250620000399,
00572172,마이크로필터,microfilter,29176,20250224,20260424,연결감사보고서 (2025.12),20260424000752,
00770835,덕일오토모티브,"seungboautomotive co.,ltd",30,20250327,20260401,감사보고서 (2025.12),20260401002282,
01913109,현대엠프텍,"HYUNDAIAMPTECH Co.,Ltd",46595,20250417,,,,
01012376,알티모빌리티,Altimobility Corporation,26410,20240419,20240411,감사보고서 (2023.12),20240411000932,
00177588,대영기계공업,"Dae young machinery Co.,Ltd",29223,20250414,20260323,감사보고서 (2025.12),20260323000059,
01550849,명성오토메이션,MYOUNGSUNG AUTOMATION,27215,20250214,20260402,감사보고서 (2025.12),20260401005115,
01790793,에스엠중공업,"SM HEAVY INDUSTRIES CO., LTD.",29142,20250214,20260401,감사보고서 (2025.12),20260401001295,
01843837,반석기공,bansuk technology,29141,20240513,20250408,감사보고서 (2024.12),20250408003093,
01864362,하이랜드모터스,"HIGHLANDMOTORS CO.,LTD",46417,20240827,20250411,감사보고서 (2024.12),20250411001673,
00441997,보성공업,"BOSUNG INDUSTRY CO.,LTD",31114,20250411,20260402,감사보고서 (2025.12),20260402003058,
01909717,화남정밀,HWANAM PRECISION,29293,20250414,20260331,감사보고서 (2025.12),20260331003243,
01909577,케이엠모터스(KMMOTORS),kmmotors corporation(KMMOTORS),25924,20250415,20260330,감사보고서 (2025.12),20260330001407,
00493015,성산암데코,"SUNG SAN AUTOMATIC MACHINE DEVELPMENT ENGINEERING CO., LTD.",29223,20250331,20250408,감사보고서 (2024.12),20250408001991,
00864842,현대종합특수강,HYUNDAI SPECIAL STEEL COMPANY,24123,20250314,20260326,감사보고서 (2025.12),20260326000654,
00836007,에스제이오토텍,"S.J.AUTOTECH.CO.,LTD.",303,20250324,20250403,감사보고서 (2024.12),20250403002914,
00809711,마부치모타코리아,"MABUCHI MOTOR KROEA CO., LTD.",4659,20250417,20260402,감사보고서 (2025.12),20260402002961,
00235484,성협공업,"SUNGHYUP IND.CO.,LTD",30320,20250421,20260402,감사보고서 (2025.12),20260402001545,
01622580,엘아이지정밀기술,"LIG JeongMilKiSul Co.,Ltd.",26410,20250204,20260327,감사보고서 (2025.12),20260327000998,
00442640,동희오토,DONGHEEAUTO,30121,20250205,20260331,감사보고서 (2025.12),20260331002372,
00229164,대명공업,"dae myung ind co., ltd",29241,20250402,20260408,감사보고서 (2025.12),20260408000395,
01854301,현대베스트메탈,HYUNDAI BEST METAL Inc.,25932,20240719,20260414,감사보고서 (2025.12),20260414000837,
01866111,신강메탈,"SIN GANG METAL Co.Ltd,.",46791,20240910,20260407,감사보고서 (2025.12),20260407002535,
01828944,두림에프에이,"Doolim Factory Automation Co.,Ltd",28123,20240510,20260406,감사보고서 (2025.12),20260406000561,
00941488,성신금속공업,"SUNGSIN METAL INDUSTRIAL CO., LTD",24312,20250212,20260403,감사보고서 (2025.12),20260403002335,
00524193,나라오토시스,"NARAAUTOSYS CO.,LTD.",29142,20250331,20260413,감사보고서 (2025.12),20260413001931,
00491646,금능정밀,없슴,29293,20240628,20260406,감사보고서 (2025.12),20260406001907,
01732407,디에이치오토모티브,"DH AUTOMOTIVE CO.,LTD..",30320,20250403,20260331,감사보고서 (2025.12),20260331001585,
01819256,동일오토모티브,"DONGIL AUTOMOTIVE CO.,LTD",30399,20250403,20260331,감사보고서 (2025.12),20260331000141,
00568674,일신정밀,"ILSHIN CO,.LTD",29271,20250404,20260402,감사보고서 (2025.12),20260402002809,
01829183,새한공업,SAEHAN INDUSTRIAL inc,30320,20240503,20260402,감사보고서 (2025.12),20260402002285,
01832239,현대엠시스템즈,HYUNDAI MSYSTEMS,26429,20240509,20260403,감사보고서 (2025.12),20260403002138,
01904411,대주오토텍,"DAEJOO AUTOTECH Co.,Ltd",25913,20250407,20260401,감사보고서 (2025.12),20260401003870,
00417662,대영정공,"DAEYOUNG PRECISION IND.CO., LTD.",29293,20240628,20260401,감사보고서 (2025.12),20260401003793,
00253754,서영정밀,seo young precision co.ltd,30,20250221,20260413,감사보고서 (2025.12),20260413001964,
00111971,대원정밀공업,"DAEWON PRECISION INDUSTRIAL.CO.,LTD.",30,20250221,20260330,연결감사보고서 (2025.12),20260330000428,
01842759,정화금속공업,JUNG HWA METAL,25913,20240509,20260406,감사보고서 (2025.12),20260406002489,
01839995,천일정공,"CHUNIL JEONGGONG CO.,LTD",25913,20240509,20260406,감사보고서 (2025.12),20260406002295,
00159768,대동모빌리티,DAEDONGMOBILITY.CORP.,29210,20241206,,,,
01530401,신흥오토모티브,"SHIN HEUNG AUTOMOTIVE CO., LTD.",26521,20241216,20260401,감사보고서 (2025.12),20260401000720,
00317609,우정메탈,"WOOJUNG METAL CO.,LTD",26293,20240628,,,,
00481490,강남필터,"KANGNAM FILTER CO.,LTD.",29192,20240628,,,,
00485335,재현정밀,Jae Hyun Corporation,29293,20240628,,,,
00244385,삼영공업,"SamYoung Industrial co.,ltd",30,20241028,20260409,감사보고서 (2025.12),20260409002666,
00336686,현대티타늄,HYNDAI TITANIUM,29177,20240628,,,,
00343136,우전정밀,"WOOJEON PRECISION CO., LTD",29293,20240628,,,,
01842944,에스티첨단정밀,ST Advanced Precision,28202,20240510,20260407,감사보고서 (2025.12),20260407001848,
00870144,와이엠양산기공,"YANGSAN MACHINERY CO., LTD",29193,20250225,20260408,감사보고서 (2025.12),20260408001132,
01307247,모전기공,Mojeon Machine Industry CO. Ltd.,30399,20250226,20260406,감사보고서 (2025.12),20260406000092,
00820060,금호섬유공업,KUMHOFIBER,33,20240502,20260427,감사보고서 (2025.12),20260427000305,
00818603,엠제이모티브,"MJ MOTIV CO.,LTD",30,20250225,20260402,감사보고서 (2025.12),20260402002072,
01828698,시트라,"CTLA Co.,Ltd.",31322,20240423,20260406,[기재정정]감사보고서 (2025.12),20260406002969,
01829785,서광공업,"SEOKWANG  IND. Co., LTD",25922,20240424,20260401,감사보고서 (2025.12),20260401001718,
01507023,현대아이티,"HYUNDAI IT CO., LTD.",26211,20250222,20260331,연결감사보고서 (2025.12),20260331000947,
01829253,현대쏠라텍,"HYUNDAI SOLAR TEC CO., LT",25113,20240503,20260401,감사보고서 (2025.12),20260401000145,
01830578,지엠오토,"Global Metal Auto C0., LTD.",30399,20240514,20260407,감사보고서 (2025.12),20260407000546,
00371926,건우정공,"KEONWOO PRESISION CO.,LTD",29293,20240628,,,,
00378053,한국쌍엽정밀공업,"KOREA FUTABA PRECISION CO., LTD.",29293,20240628,,,,
01831434,에이텍오토,ATEC AUTO,29163,20240503,20260330,연결감사보고서 (2025.12),20260330001173,
00390046,신광정공,SHINKWANG INDUSTRIES CO.LTD,29293,20240628,,,,
00405667,거성정밀,"GuhSung Precision Co., Ltd",29293,20240628,20260410,감사보고서 (2025.12),20260410001434,
01201156,두산모빌리티이노베이션,Doosan Mobility Innovation Inc,28111,20250313,20260331,감사보고서 (2025.12),20260331001446,
01838260,대호정밀,"Daeho precision co., LTD.",30391,20240502,20260428,감사보고서 (2025.12),20260428000210,
00361105,르노코리아,"Renault Korea Co., Ltd.",30121,20260320,20260402,감사보고서 (2025.12),20260402003785,
00560496,엔에스오토텍,N.S AUTO TECH CO.Ltd,30,20260401,20260330,감사보고서 (2025.12),20260330000063,
00250146,흥진정공,"HEUNGJIN MACHINERY CO.,LTD",2599,20260401,20260331,감사보고서 (2025.12),20260331000668,
00157478,한국미우라공업,"Korea Miura Co., Ltd.",25130,20250630,20250630,감사보고서 (2025.03),20250630000174,
02025711,신현대개발,"NEW HYUNDAI DEVELOPMENT CO.,LTD.",4661,20260508,,,,
01922903,신일공업,SINIL INDUSTRY CORPORATION,283,20250508,20260406,감사보고서 (2025.12),20260406003258,
00173263,삼성공업,"SAM SUNG INDUSTRIAL.CO.,LTD",30,20250724,20250929,연결감사보고서 (2025.05),20250929000043,
01146910,대진정공,DAE JIN MORTORS,3020,20250422,20260406,감사보고서 (2025.12),20260406004311,
01919699,동방전기공업,"DONG BANG ELECTRIC INDUSTRIAL CO., LTD.",28112,20250508,20260409,[기재정정]감사보고서 (2025.12),20260409000719,
02015510,에이치케이(HK)정공,"HK precision co,.ltd",29142,20260424,,,,
02027047,현대에코시스템,hyundaiecosystem,4652,20260512,,,,
02024165,맥슨모터코리아,maxon motor korea,46595,20260507,,,,
00338189,대동중공업,Dae Dong Heavy Ind co.ltd.,291,20260223,20260402,감사보고서 (2025.12),20260402001065,
02019695,엘에프엠,"Logistics Future Mobility Co., Ltd.",29299,20260511,,,,
01921861,씨에이메탈,CAMETAL,24212,20250509,20260410,감사보고서 (2025.12),20260410000585,
01909142,금강특장차,kumkangmotors,30124,20250514,20260410,감사보고서 (2025.12),20260410002420,
00226501,동양판넬공업,DONG YANG PANEL,2511,20260224,20260421,연결감사보고서 (2025.12),20260421000500,
00142731,우성전기공업,"USEONG ELECTRO MECHANICS CO.,LTD.",26293,20260224,20260430,연결감사보고서 (2025.12),20260430001244,
01924239,나이스폴리머,nicepolymer,46733,20250514,20260403,감사보고서 (2025.12),20260403002618,
00319847,레오니와이어링시스템즈코리아,Leoni wiring systems korea,30,20260305,20260402,감사보고서 (2025.12),20260402003145,
00966034,진명정밀,Jinmyung Co. Ltd,30,20250619,20260403,감사보고서 (2025.12),20260403001259,
00655527,한국정공,Korea Precision Manufacturing Company .Ltd,30,20260313,20260401,감사보고서 (2025.12),20260401002738,
02005461,워크업아웃도어,"WORKUPOUTDOOR.,CO.,LTD",46413,20260422,,,,
02025119,정호정밀,Jeongho Precision,30399,20260514,,,,
01838729,현대아이이씨,Hyundai Intergrated Engineering-Solution Company ,24111,20250425,20260401,감사보고서 (2025.12),20260401001728,
01468812,삼진모빌리티,"SAM JIN MOBILITY CO., LTD.",30399,20251226,20260408,감사보고서 (2025.12),20260408000476,
00171061,케이에스오토시스,"KSAUTOSYS CO.,LTD.",2629,20260309,20260401,감사보고서 (2025.12),20260401003300,
01297366,은성전장,EUN SUNG ELECTRONIC,28111,20250929,20260407,감사보고서 (2025.12),20260407001000,
00529392,제일정공,"JEIL PRECISION INDUSTRIAL CO., LTD.",25929,20260324,20260402,감사보고서 (2025.12),20260402000771,
00553371,현대파텍스,PARTECS COMPANY. Ltd,30,20260326,20260327,감사보고서 (2025.12),20260327001241,
02001650,캐시카우메탈,"CASHCOWMETAL CO.,LTD.",46791,20260423,,,,
01757859,서현메탈,"Juwon Metal Co., Ltd.",46417,20260309,20260327,감사보고서 (2025.12),20260327001421,
01864919,디오토(D-AUTOInc.),D-AUTO Inc.,25913,20250916,20260410,감사보고서 (2025.12),20260410000853,
01913640,지원오토,"G1 Automation CO.,LTD",29229,20250428,20260409,[기재정정]감사보고서 (2025.12),20260409000803,
01911970,정연메탈,JY METAL,46721,20250428,20260406,감사보고서 (2025.12),20260406000191,
00379964,한국미쓰비시전기오토메이션,"MITSUBISHI ELECTRIC AUTOMATION KOREA CO.,LTD",4659,20250716,20250711,감사보고서 (2025.03),20250711000116,
01913668,한국엠엠씨일렉트로닉스,MMC ELECTRONICS KOREA INC,46,20250709,,,,
01906640,리메탈인터내셔널,"REMETAL INTERNATIONAL, INC",46800,20250508,20260304,[기재정정]감사보고서 (2025.12),20260304000600,
01920172,거성정공,"GEO SEONG PRECISION CO.,LTD",30399,20250502,20260402,감사보고서 (2025.12),20260402002657,
00768964,세아에스에이,"SEAH Solution Automation Co.,Ltd.",28123,20250513,20260408,감사보고서 (2025.12),20260408001942,
01925140,송탄현대서비스,songtan hyundai service,30201,20250514,20260410,감사보고서 (2025.12),20260410000847,
01929872,대경정공,"Daekyung Precision Co., Ltd",29210,20250514,20260409,감사보고서 (2025.12),20260409002547,
01929678,선진정밀,SUNJIN Precision,25913,20250514,20260409,감사보고서 (2025.12),20260409002614,
01947452,덕윤다이캐스팅,"Dukyun Diecasting Co., Ltd",25924,20250901,20260430,[기재정정]감사보고서 (2025.12),20260430001386,
00968485,아웃도어파크,OutdoorPark.Co.Ltd.,4610,20260211,20260409,감사보고서 (2025.12),20260409001817,
00603320,삼원중공업,"SAMWON HEAVY INDUSTRY CO.,LTD",3111,20250625,20260306,감사보고서 (2025.12),20260306000067,
01809435,창평모빌리티,Changpyeong Co. Ltd,25923,20260225,20260402,감사보고서 (2025.12),20260402000653,
01958069,아이피중공업,"IP Heavy Industries, Inc",31111,20250925,20260409,감사보고서 (2025.12),20260409001877,
02010685,알티자동화,RT Automation Co.Ltd,26129,20260420,,,,
02017095,금호정밀,"Kumho Precision Co., Ltd.",30399,20260507,,,,
01913613,대도메탈,"DAEDOMETAL CO.,LTD",24212,20250508,20260408,감사보고서 (2025.12),20260408001196,
01794249,현대스틸파이프,"HYUNDAI STEEL PIPE CO., LTD.",24132,20260327,20260327,감사보고서 (2025.12),20260327000221,
01991082,한국합금밸브공업,"Korea Alloy Valve Industry Co., Ltd",29133,20260304,,,,
00119724,두원중공업,"Doowon Heavy Industrial Co., Ltd.",30,20250509,,,,
00305978,오피모빌리티씨파워코리아,"Plastic Omnium Co.,Ltd.",30,20260504,20260406,감사보고서 (2025.12),20260406003404,
00811266,삼영중공업,"SAM YOUNG HEAVY INDUSTRIES CO.,LTD",291,20260128,20260408,감사보고서 (2025.12),20260408002505,
00976138,현대표지,"Hyun-Dai Sign Co., Ltd.",25994,20260224,20260413,감사보고서 (2025.12),20260413002259,
00811992,미부중공업,"MIBOO TECHNOLOGY CO., LTD",25,20260224,20260403,감사보고서 (2025.12),20260403001197,
00805760,엘에스메탈,"LS Metal Co.,Ltd.",259,20260406,20260330,연결감사보고서 (2025.12),20260330001446,
00484044,에이치에스지중공업,"HSG HEAVY INDUSTRIES CO.,LTD.",31114,20260330,20260424,연결감사보고서 (2025.12),20260424000116,
00166546,환영철강공업,"HWAN YOUNG STEEL IND.CO.,LTD.",24121,20260330,,,,
00191524,대주중공업,DAEJOO HEAVY  INDUSTRY CO. LTD,25112,20260330,20260427,연결감사보고서 (2025.12),20260427000505,
02007964,아이더블유오토모티브,IWAUTOMOTIVE,30320,20260423,,,,
02000758,상전정공,SANGJEON,30123,20260409,,,,
00568735,강림중공업,"KANGRIM INDUSTRIES Co., Ltd",31114,20260305,20260428,연결감사보고서 (2025.12),20260428000564,
01135349,현대중공업터보기계,"HYUNDAI HEAVY INDUSTRIES TURBOMACHINERY CO., LTD",29131,20251209,20260330,연결감사보고서 (2025.12),20260330000402,
01856390,헤일로마이크로일렉트로닉스인터내셔널코퍼레이션,HALO MICROELECTRONICS INTERNATIONAL CORPORATION,26112,20250613,,,,
01294369,엠케이메탈,"MKMETAL CO.,LTD",2429,20260424,,,,
00987985,에스제이메탈,SJMETAL CO.LTD,30,20250425,20260410,감사보고서 (2025.12),20260410001805,
02009625,삼성특수브레이크,SamsungBrake Corp.,30392,20260428,,,,
00115001,디엔케이모빌리티,"DNK MOBILITY CO., LTD.",30,20260314,20260429,연결감사보고서 (2025.12),20260429001125,
00215471,원우정밀,"WONWOO PRECISION CO.,LTD.",26211,20260227,20260427,연결감사보고서 (2025.12),20260427000135,
00167341,엘티메탈,"LT Metal Co.,LTD.",2629,20250611,20260331,연결감사보고서 (2025.12),20260331002115,
01911891,한국삼화패킹공업,"Sanwa Packing Industry Korea Co.,Ltd.",25913,20250429,20260402,감사보고서 (2025.12),20260402000122,
00895693,태영정공,TAEYOUNG PRECISION COM.,30,20260223,20260331,감사보고서 (2025.12),20260331003055,
01918432,현대에코,"HYUNDAI ECO., LTD",32021,20250429,20260414,감사보고서 (2025.12),20260414002155,
01950890,수성메탈,Susung metal,46722,20250905,20260407,감사보고서 (2025.12),20260407003411,
02019738,오토복코리아헬스케어,"Ottobock Korea Healthcare Co., Ltd.",27194,20260428,,,,
02008389,(즈)태성자동문,"TAESUNG AUTODOOR CO., LTD.",25111,20260416,,,,
01839986,오피모빌리티에이치투파워코리아,"Plastic Omnium Korea New Energies Co., Ltd",30392,20260430,20260429,감사보고서 (2025.12),20260429000767,
02020318,스마트모빌리티센터,SMART MOBILITY CENTER,31922,20260430,,,,
00210412,한광전기공업,YU JAE KYUN,28123,20260224,20260429,연결감사보고서 (2025.12),20260429000617,
00532943,신한정밀공업,"SINHAN PRECISION IND. CO.,LTD",30,20260219,20260417,연결감사보고서 (2025.12),20260417000689,
01155042,케이지모빌리티커머셜,"KGMOBILITY COMMERCIAL CO.,LTD",30121,20260305,20260327,감사보고서 (2025.12),20260327000793,
01913701,세일정밀,"SEILPRECISION CO.,Ltd",25200,20250428,20260402,감사보고서 (2025.12),20260402002839,
01913826,대광오토텍,"DeaKwang Autotech.co.,Ltd",25913,20250507,20260406,감사보고서 (2025.12),20260406001855,
01922426,캐스팅엔,castingn,46,20250507,20260409,감사보고서 (2025.12),20260409001858,
01932557,명륜기공,MYEONG RYUN,25929,20250527,20260331,감사보고서 (2025.12),20260331000770,
01952436,에이비씨메탈,ABC METAL,46791,20250903,20260414,감사보고서 (2025.12),20260414000451,
01948691,하나정공,"HANA JUNG GONG CO.,LTD.",25924,20250905,20260410,감사보고서 (2025.12),20260410002062,
01925159,세우정밀판금,"Sewoo Precision Sheet Metal Co.,Ltd",28123,20250507,20260406,감사보고서 (2025.12),20260406004532,
01960736,태강메탈,Taekangmetal Corp.,46791,20251017,,,,
01920880,가온메탈,"GAONMETAL Co.,Ltd.",46721,20250507,20260309,감사보고서 (2025.12),20260309001589,
01591989,현대아이엠씨,HYUNDAI IMC  CO. LTD.,24111,20250911,20260401,감사보고서 (2025.12),20260401001152,
01895991,에이치디현대엠엔에스,"HD HYUNDAI MARINE&STRUCTURE CO.,LTD.",31114,20260423,,,,
01914339,경우정밀,"KyoungWoo Precision Co., Ltd",25913,20250429,20260401,감사보고서 (2025.12),20260401002983,
00652016,디비메탈,"DB Metal Co., Ltd.",24113,20250731,,,,
01925098,리캠스,LEECHEMS CO. LTD,4673,20250430,20260331,감사보고서 (2025.12),20260331003819,
01928785,한국샨진옵토일렉트로닉스," Korea Shanjin Optoelectronics Co.,Ltd",46499,20250514,20260408,감사보고서 (2025.12),20260408002967,
00688880,삼공전기공업,"Samkong Electric Ind. Co.,Ltd. ",2842,20250514,20260401,감사보고서 (2025.12),20260401003161,
01918867,삼성정공,SAMSUNG JUNG GONG,25122,20250430,20260403,감사보고서 (2025.12),20260403003643,
01926219,성실엠와이,"SUNGSIL MOTIVATE YOURSELF CO., LTD.",29224,20250509,20260408,감사보고서 (2025.12),20260408003341,
01577989,디알모빌리티,"DR MOBILITY. CO., LTD.",30399,20260331,20260401,감사보고서 (2025.12),20260401003628,
01677580,하이엑시움모터스,"HyAxiom Motors Co., Ltd.",30121,20260213,,,,
01594603,현대아이티씨,HYUNDAI ITC,24111,20250813,20260401,감사보고서 (2025.12),20260401004050,
01918539,뉴런모터스,newrunmotors,30123,20250509,20260409,감사보고서 (2025.12),20260409001391,
01910838,타이거메탈,"TIGER METAL CO.,LTD",46492,20250509,20260407,감사보고서 (2025.12),20260407002890,
00613275,케이엠씨,"Korea motor cO.,Ltd",30,20260129,20260407,감사보고서 (2025.12),20260407001605,
01923443,씨앤케이폴리머,CNK Polymer,46733,20250508,20260413,감사보고서 (2025.12),20260413000817,
00668789,일신정밀,"ILSHIN PRECISION CO.,LTD",31114,20260303,20260409,감사보고서 (2025.12),20260409001149,
01479915,포스코모빌리티솔루션,POSCO MOBILITY SOLUTION,30331,20260303,20260326,감사보고서 (2025.12),20260326000118,
01311222,퍼시픽엑스코리아,Pacific X Auto Corporation,303,20260413,20260410,감사보고서 (2025.12),20260410000081,
01987344,이노그린메탈,"Inno Green Metal co., Ltd.",24219,20260212,,,,
01918104,넥스오토,nexauto co. ltd,30320,20250424,20260403,감사보고서 (2025.12),20260403002086,
02016120,에스엠모빌리티,"SM MOBILITY CO.,LTD.",30399,20260427,,,,
00356325,대지오토모티브,"Daeji Automotive Co.,Ltd.",30,20250925,20260324,감사보고서 (2025.12),20260324000228,
00521947,영진모빌리티,YOUNGJIN MOBILITY,30,20250925,20260407,감사보고서 (2025.12),20260407002588,
01915222,이쓰리모빌리티,"E3MOBILITY INC.,",31921,20250425,20260409,감사보고서 (2025.12),20260409000478,
01287147,현대엠아이비인터내셔널,"HYUNDAIMIB International CO.,LTD",33999,20260327,20260410,감사보고서 (2025.12),20260410001657,
02015653,대한전열공업,"Daehan Electric Heating Ind. Co., Ltd.",29150,20260506,,,,
02017776,신성중공업,SIN SUNG HEAVY INDUSTRY.CO.KR,29169,20260506,,,,
00817899,해동중공업,"HAEDONG HEAVY INDUSTRIES CO., LTD",291,20260219,20260406,감사보고서 (2025.12),20260406003873,
01909188,재영정밀,JAEYOUNG PRECISION,30310,20250424,20260402,감사보고서 (2025.12),20260402001832,
01926237,센서시스템기술,"Sensor system technology Co.,Ltd.",26129,20250508,20260413,감사보고서 (2025.12),20260413002702,
00532420,보성금속공업,Bosung,259,20260223,20260403,감사보고서 (2025.12),20260403002526,
01920826,티에이치정밀,"TH PRECISION CO.,LTD",24311,20250513,20260413,감사보고서 (2025.12),20260413000489,
02016689,세명정공,"SEMYUNG PRECISION IND.CO.,LTD",339,20260507,,,,
01930188,제이케이메탈,JKMetal.kr,24212,20250513,,,,
01988121,벤처메탈스아시아,"VENTURE METALS ASIA CO.,LTD.",2421,20260226,,,,
02012814,일진정밀공업,"ILJIN PRECISION Co., Ltd.",25999,20260508,,,,
01989573,코스탈커넥터코리아,"KOSTAL Connectors Korea Co., Ltd.",46800,20260224,,,,
00619224,케이에스엠컴포넌트,"KSM component.Co.,Ltd",29271,20260212,20260331,감사보고서 (2025.12),20260331000062,
00206190,피에이치지,"PYUNGHWA AUTOMOTIVE PARTS CO.,LTD",30,20260130,20260304,감사보고서 (2025.12),20260304000791,
00111856,대원기계공업,"DAE WON INDUSTRIAL CO., LTD.",29269,20260310,20250407,감사보고서 (2024.12),20250407003351,
01925025,에스에이치씨중공업,"SHC HEAVY INDUSTRY CO.,LTD",31202,20250519,20260406,감사보고서 (2025.12),20260406003586,
02005832,에스제이중공업,"SJ Heavy Industries Co., Ltd.",3111,20260420,,,,
02011745,에스엠메탈,"SM METAL CO.,LTD",30399,20260423,,,,
02014742,오토센서코리아,"Autosensorkorea Co.,Ltd.",26299,20260424,,,,
02007690,건일공업,KUNIL INDUSTRY,25912,20260508,,,,
01421370,대경정밀공업,"Dae Kyung Co., Ltd.",25913,20250904,20260407,감사보고서 (2025.12),20260407002899,
00964081,베이스캠프지,AIMTOG,46510,20260226,20260429,연결감사보고서 (2025.12),20260429000913,
00238287,부천공업,"BUCHEON INDUSTRIAL CO.,LTD",2812,20250625,20260430,연결감사보고서 (2025.12),20260430001085,
02001890,이엠오토모티브,EM AUTOMOTIVE,30399,20260422,,,,
01954285,신창정공,SHIN CHANG PRECISION INDUSTRIAL Co.Ltd,29120,20250909,20260402,감사보고서 (2025.12),20260402003690,
01650185,스카이오토넷,SkyAutoNet Inc.,26429,20260311,20260410,감사보고서 (2025.12),20260410003466,
02002701,한국정공,"KOREA PRECISION CO., LTD.",30320,20260506,,,,
01950641,삼각메탈,"SAMGAK METAL CO., LTD",24290,20250901,20260402,감사보고서 (2025.12),20260402001241,
02018793,대광오토콤,DAEGWANGAUTOCOM,30332,20260514,,,,
01018130,금호기공,"KUMHO Technical Industrial Co.,Ltd",30320,20260303,20260408,감사보고서 (2025.12),20260408000481,
02017077,노화정밀,"NHP Co., Ltd",27219,20260429,,,,
02009670,제이엔씨메탈,jncmetal company,27220,20260429,,,,
01552272,현대의료기,HYUNDAIMEDICAL CO..LTD,32011,20260303,20260414,감사보고서 (2025.12),20260414002577,
01463747,엠텍오토,"MTEC AUTO CO.,Ltd.",3020,20251027,20260414,감사보고서 (2025.12),20260414001621,
02019905,대동메탈,DAEDONDMEATAL,46721,20260507,,,,
02016926,한라공업,"HALLA INDUSTRY CO.,LTD.",30399,20260514,,,,
